policy,slowtrack_load_profile,frontend_profile,scenario_profile,module,n,mean_ms,median_ms,p25_ms,p75_ms,p95_ms,min_ms,max_ms
emotion_only,current_prompt,backend_ready,chat_only,emotion_motion_payload_ms,4000,0.0,0.0,0.0,0.0,0.0,0.0,0.0
emotion_only,current_prompt,backend_ready,chat_only,fasttrack_analysis_ms,4000,13.475,13.25,12.513,13.807,15.146,12.385,15.146
emotion_only,current_prompt,backend_ready,chat_only,fasttrack_audio_lookup_ms,4000,1.684,1.62,1.443,1.808,2.046,1.341,2.046
emotion_only,current_prompt,backend_ready,chat_only,frontend_audio_overhead_ms,4000,3.645,3.494,2.443,4.793,6.543,0.045,7.876
emotion_only,current_prompt,backend_ready,chat_only,latency_cover_plan_ms,4000,0.0,0.0,0.0,0.0,0.0,0.0,0.0
emotion_only,current_prompt,backend_ready,chat_only,slowtrack_llm_ms,4000,1486.385,1491.283,1411.0,1566.923,1676.91,1093.328,1861.878
emotion_only,current_prompt,backend_ready,chat_only,slowtrack_tts_ms,4000,816.089,811.675,759.407,867.388,954.546,567.975,1108.249
emotion_only,current_prompt,backend_ready,donation_mix,donation_emotion_motion_ms,1796,0.012,0.011,0.01,0.013,0.014,0.01,0.014
emotion_only,current_prompt,backend_ready,donation_mix,donation_readout_tts_ms,1796,484.433,446.238,446.238,509.413,558.604,427.54,558.604
emotion_only,current_prompt,backend_ready,donation_mix,emotion_motion_payload_ms,4000,0.0,0.0,0.0,0.0,0.0,0.0,0.0
emotion_only,current_prompt,backend_ready,donation_mix,fasttrack_analysis_ms,4000,13.5,13.435,12.753,13.807,15.146,12.385,15.146
emotion_only,current_prompt,backend_ready,donation_mix,fasttrack_audio_lookup_ms,4000,1.693,1.62,1.474,1.808,2.046,1.341,2.046
emotion_only,current_prompt,backend_ready,donation_mix,frontend_audio_overhead_ms,4000,3.714,3.559,2.468,4.919,6.677,0.128,7.942
emotion_only,current_prompt,backend_ready,donation_mix,latency_cover_plan_ms,4000,0.0,0.0,0.0,0.0,0.0,0.0,0.0
emotion_only,current_prompt,backend_ready,donation_mix,slowtrack_llm_ms,4000,1485.396,1492.121,1411.573,1568.533,1672.596,1024.458,1895.379
emotion_only,current_prompt,backend_ready,donation_mix,slowtrack_tts_ms,4000,815.252,810.853,761.033,863.574,953.883,600.898,1099.227
emotion_only,current_prompt,capture_stress,chat_only,emotion_motion_payload_ms,4000,0.0,0.0,0.0,0.0,0.0,0.0,0.0
emotion_only,current_prompt,capture_stress,chat_only,fasttrack_analysis_ms,4000,13.511,13.435,12.753,14.666,15.146,12.385,15.146
emotion_only,current_prompt,capture_stress,chat_only,fasttrack_audio_lookup_ms,4000,1.7,1.781,1.474,2.036,2.046,1.341,2.046
emotion_only,current_prompt,capture_stress,chat_only,frontend_audio_overhead_ms,4000,169.747,166.096,138.02,200.108,243.947,81.588,278.488
emotion_only,current_prompt,capture_stress,chat_only,latency_cover_plan_ms,4000,0.0,0.0,0.0,0.0,0.0,0.0,0.0
emotion_only,current_prompt,capture_stress,chat_only,slowtrack_llm_ms,4000,1484.301,1492.299,1412.791,1560.468,1667.536,1057.832,1865.934
emotion_only,current_prompt,capture_stress,chat_only,slowtrack_tts_ms,4000,817.223,812.984,762.591,867.008,957.882,575.173,1076.32
emotion_only,current_prompt,capture_stress,donation_mix,donation_emotion_motion_ms,1816,0.012,0.011,0.011,0.014,0.014,0.01,0.014
emotion_only,current_prompt,capture_stress,donation_mix,donation_readout_tts_ms,1816,483.933,446.238,427.54,509.413,558.604,427.54,558.604
emotion_only,current_prompt,capture_stress,donation_mix,emotion_motion_payload_ms,4000,0.0,0.0,0.0,0.0,0.0,0.0,0.0
emotion_only,current_prompt,capture_stress,donation_mix,fasttrack_analysis_ms,4000,13.523,13.435,12.753,14.666,15.146,12.385,15.146
emotion_only,current_prompt,capture_stress,donation_mix,fasttrack_audio_lookup_ms,4000,1.695,1.62,1.474,2.036,2.046,1.341,2.046
emotion_only,current_prompt,capture_stress,donation_mix,frontend_audio_overhead_ms,4000,170.107,165.401,139.776,199.806,245.547,83.221,278.555
emotion_only,current_prompt,capture_stress,donation_mix,latency_cover_plan_ms,4000,0.0,0.0,0.0,0.0,0.0,0.0,0.0
emotion_only,current_prompt,capture_stress,donation_mix,slowtrack_llm_ms,4000,1482.054,1489.798,1408.681,1563.115,1670.65,1031.093,1842.476
emotion_only,current_prompt,capture_stress,donation_mix,slowtrack_tts_ms,4000,817.016,813.345,764.99,864.026,953.512,600.645,1079.663
emotion_only,current_prompt,local_browser,chat_only,emotion_motion_payload_ms,4000,0.0,0.0,0.0,0.0,0.0,0.0,0.0
emotion_only,current_prompt,local_browser,chat_only,fasttrack_analysis_ms,4000,13.49,13.25,12.513,13.807,15.146,12.385,15.146
emotion_only,current_prompt,local_browser,chat_only,fasttrack_audio_lookup_ms,4000,1.69,1.62,1.443,1.808,2.046,1.341,2.046
emotion_only,current_prompt,local_browser,chat_only,frontend_audio_overhead_ms,4000,51.674,50.397,40.846,62.135,77.722,20.856,89.433
emotion_only,current_prompt,local_browser,chat_only,latency_cover_plan_ms,4000,0.0,0.0,0.0,0.0,0.0,0.0,0.0
emotion_only,current_prompt,local_browser,chat_only,slowtrack_llm_ms,4000,1485.443,1490.999,1411.384,1566.165,1671.77,1018.414,1879.901
emotion_only,current_prompt,local_browser,chat_only,slowtrack_tts_ms,4000,816.967,813.575,763.678,864.903,951.467,596.207,1106.715
emotion_only,current_prompt,local_browser,donation_mix,donation_emotion_motion_ms,1762,0.012,0.011,0.01,0.013,0.014,0.01,0.014
emotion_only,current_prompt,local_browser,donation_mix,donation_readout_tts_ms,1762,486.725,509.413,446.238,558.604,558.604,427.54,558.604
emotion_only,current_prompt,local_browser,donation_mix,emotion_motion_payload_ms,4000,0.0,0.0,0.0,0.0,0.0,0.0,0.0
emotion_only,current_prompt,local_browser,donation_mix,fasttrack_analysis_ms,4000,13.477,13.25,12.513,13.807,15.146,12.385,15.146
emotion_only,current_prompt,local_browser,donation_mix,fasttrack_audio_lookup_ms,4000,1.69,1.62,1.443,1.808,2.046,1.341,2.046
emotion_only,current_prompt,local_browser,donation_mix,frontend_audio_overhead_ms,4000,51.864,50.37,41.201,61.52,77.711,20.699,89.549
emotion_only,current_prompt,local_browser,donation_mix,latency_cover_plan_ms,4000,0.0,0.0,0.0,0.0,0.0,0.0,0.0
emotion_only,current_prompt,local_browser,donation_mix,slowtrack_llm_ms,4000,1485.435,1489.578,1412.752,1566.772,1673.043,1035.113,1941.033
emotion_only,current_prompt,local_browser,donation_mix,slowtrack_tts_ms,4000,816.917,813.285,760.93,866.918,952.391,602.542,1099.878
emotion_only,expanded_memory,backend_ready,chat_only,emotion_motion_payload_ms,4000,0.0,0.0,0.0,0.0,0.0,0.0,0.0
emotion_only,expanded_memory,backend_ready,chat_only,fasttrack_analysis_ms,4000,13.468,13.25,12.513,13.807,15.146,12.385,15.146
emotion_only,expanded_memory,backend_ready,chat_only,fasttrack_audio_lookup_ms,4000,1.693,1.781,1.474,1.808,2.046,1.341,2.046
emotion_only,expanded_memory,backend_ready,chat_only,frontend_audio_overhead_ms,4000,3.684,3.567,2.478,4.869,6.538,0.05,7.883
emotion_only,expanded_memory,backend_ready,chat_only,latency_cover_plan_ms,4000,0.0,0.0,0.0,0.0,0.0,0.0,0.0
emotion_only,expanded_memory,backend_ready,chat_only,slowtrack_llm_ms,4000,2373.568,2383.694,2261.589,2503.276,2670.066,1633.811,2949.274
emotion_only,expanded_memory,backend_ready,chat_only,slowtrack_tts_ms,4000,898.94,892.439,838.001,955.412,1050.007,673.311,1198.239
emotion_only,expanded_memory,backend_ready,donation_mix,donation_emotion_motion_ms,1804,0.012,0.013,0.011,0.013,0.014,0.01,0.014
emotion_only,expanded_memory,backend_ready,donation_mix,donation_readout_tts_ms,1804,485.112,509.413,427.54,509.413,558.604,427.54,558.604
emotion_only,expanded_memory,backend_ready,donation_mix,emotion_motion_payload_ms,4000,0.0,0.0,0.0,0.0,0.0,0.0,0.0
emotion_only,expanded_memory,backend_ready,donation_mix,fasttrack_analysis_ms,4000,13.481,13.25,12.513,13.807,15.146,12.385,15.146
emotion_only,expanded_memory,backend_ready,donation_mix,fasttrack_audio_lookup_ms,4000,1.693,1.62,1.443,2.036,2.046,1.341,2.046
emotion_only,expanded_memory,backend_ready,donation_mix,frontend_audio_overhead_ms,4000,3.69,3.533,2.464,4.91,6.528,0.082,7.889
emotion_only,expanded_memory,backend_ready,donation_mix,latency_cover_plan_ms,4000,0.0,0.0,0.0,0.0,0.0,0.0,0.0
emotion_only,expanded_memory,backend_ready,donation_mix,slowtrack_llm_ms,4000,2371.371,2382.417,2255.911,2499.114,2671.824,1698.275,3044.071
emotion_only,expanded_memory,backend_ready,donation_mix,slowtrack_tts_ms,4000,898.942,894.377,839.341,952.5,1052.606,607.622,1204.671
emotion_only,expanded_memory,capture_stress,chat_only,emotion_motion_payload_ms,4000,0.0,0.0,0.0,0.0,0.0,0.0,0.0
emotion_only,expanded_memory,capture_stress,chat_only,fasttrack_analysis_ms,4000,13.501,13.25,12.753,14.666,15.146,12.385,15.146
emotion_only,expanded_memory,capture_stress,chat_only,fasttrack_audio_lookup_ms,4000,1.687,1.62,1.443,1.808,2.046,1.341,2.046
emotion_only,expanded_memory,capture_stress,chat_only,frontend_audio_overhead_ms,4000,170.946,167.375,139.853,200.469,244.832,80.245,278.372
emotion_only,expanded_memory,capture_stress,chat_only,latency_cover_plan_ms,4000,0.0,0.0,0.0,0.0,0.0,0.0,0.0
emotion_only,expanded_memory,capture_stress,chat_only,slowtrack_llm_ms,4000,2376.913,2386.202,2255.987,2508.989,2673.347,1745.058,2986.624
emotion_only,expanded_memory,capture_stress,chat_only,slowtrack_tts_ms,4000,897.115,894.15,836.863,951.502,1049.945,610.242,1187.174
emotion_only,expanded_memory,capture_stress,donation_mix,donation_emotion_motion_ms,1772,0.012,0.012,0.01,0.014,0.014,0.01,0.014
emotion_only,expanded_memory,capture_stress,donation_mix,donation_readout_tts_ms,1772,484.863,446.238,446.238,509.413,558.604,427.54,558.604
emotion_only,expanded_memory,capture_stress,donation_mix,emotion_motion_payload_ms,4000,0.0,0.0,0.0,0.0,0.0,0.0,0.0
emotion_only,expanded_memory,capture_stress,donation_mix,fasttrack_analysis_ms,4000,13.473,13.25,12.513,13.807,15.146,12.385,15.146
emotion_only,expanded_memory,capture_stress,donation_mix,fasttrack_audio_lookup_ms,4000,1.693,1.62,1.474,2.036,2.046,1.341,2.046
emotion_only,expanded_memory,capture_stress,donation_mix,frontend_audio_overhead_ms,4000,170.774,165.974,140.933,200.04,242.862,81.639,277.991
emotion_only,expanded_memory,capture_stress,donation_mix,latency_cover_plan_ms,4000,0.0,0.0,0.0,0.0,0.0,0.0,0.0
emotion_only,expanded_memory,capture_stress,donation_mix,slowtrack_llm_ms,4000,2376.246,2386.291,2256.284,2504.369,2680.133,1691.819,3093.461
emotion_only,expanded_memory,capture_stress,donation_mix,slowtrack_tts_ms,4000,896.657,892.42,836.911,949.909,1047.673,635.341,1211.493
emotion_only,expanded_memory,local_browser,chat_only,emotion_motion_payload_ms,4000,0.0,0.0,0.0,0.0,0.0,0.0,0.0
emotion_only,expanded_memory,local_browser,chat_only,fasttrack_analysis_ms,4000,13.502,13.435,12.753,13.807,15.146,12.385,15.146
emotion_only,expanded_memory,local_browser,chat_only,fasttrack_audio_lookup_ms,4000,1.692,1.62,1.443,1.808,2.046,1.341,2.046
emotion_only,expanded_memory,local_browser,chat_only,frontend_audio_overhead_ms,4000,51.442,50.19,40.814,61.606,76.844,20.49,89.103
emotion_only,expanded_memory,local_browser,chat_only,latency_cover_plan_ms,4000,0.0,0.0,0.0,0.0,0.0,0.0,0.0
emotion_only,expanded_memory,local_browser,chat_only,slowtrack_llm_ms,4000,2373.258,2380.283,2252.605,2504.976,2679.145,1777.074,3021.012
emotion_only,expanded_memory,local_browser,chat_only,slowtrack_tts_ms,4000,898.552,895.677,837.671,953.447,1042.657,639.432,1193.78
emotion_only,expanded_memory,local_browser,donation_mix,donation_emotion_motion_ms,1826,0.012,0.011,0.01,0.013,0.014,0.01,0.014
emotion_only,expanded_memory,local_browser,donation_mix,donation_readout_tts_ms,1826,486.276,446.238,427.54,558.604,558.604,427.54,558.604
emotion_only,expanded_memory,local_browser,donation_mix,emotion_motion_payload_ms,4000,0.0,0.0,0.0,0.0,0.0,0.0,0.0
emotion_only,expanded_memory,local_browser,donation_mix,fasttrack_analysis_ms,4000,13.46,13.25,12.513,13.807,15.146,12.385,15.146
emotion_only,expanded_memory,local_browser,donation_mix,fasttrack_audio_lookup_ms,4000,1.687,1.62,1.474,1.808,2.046,1.341,2.046
emotion_only,expanded_memory,local_browser,donation_mix,frontend_audio_overhead_ms,4000,51.481,49.993,40.86,61.636,77.183,20.434,88.917
emotion_only,expanded_memory,local_browser,donation_mix,latency_cover_plan_ms,4000,0.0,0.0,0.0,0.0,0.0,0.0,0.0
emotion_only,expanded_memory,local_browser,donation_mix,slowtrack_llm_ms,4000,2370.821,2383.216,2252.945,2497.829,2669.384,1634.829,3222.09
emotion_only,expanded_memory,local_browser,donation_mix,slowtrack_tts_ms,4000,898.803,895.431,839.529,952.814,1047.556,659.798,1231.699
emotion_only,heavy_context,backend_ready,chat_only,emotion_motion_payload_ms,4000,0.0,0.0,0.0,0.0,0.0,0.0,0.0
emotion_only,heavy_context,backend_ready,chat_only,fasttrack_analysis_ms,4000,13.484,13.25,12.513,14.666,15.146,12.385,15.146
emotion_only,heavy_context,backend_ready,chat_only,fasttrack_audio_lookup_ms,4000,1.7,1.781,1.474,1.808,2.046,1.341,2.046
emotion_only,heavy_context,backend_ready,chat_only,frontend_audio_overhead_ms,4000,3.656,3.553,2.429,4.822,6.629,0.058,7.893
emotion_only,heavy_context,backend_ready,chat_only,latency_cover_plan_ms,4000,0.0,0.0,0.0,0.0,0.0,0.0,0.0
emotion_only,heavy_context,backend_ready,chat_only,slowtrack_llm_ms,4000,3562.603,3580.504,3379.508,3759.489,4014.74,2629.43,4546.418
emotion_only,heavy_context,backend_ready,chat_only,slowtrack_tts_ms,4000,1019.77,1013.754,951.096,1081.893,1188.401,661.058,1356.233
emotion_only,heavy_context,backend_ready,donation_mix,donation_emotion_motion_ms,1810,0.012,0.013,0.011,0.014,0.014,0.01,0.014
emotion_only,heavy_context,backend_ready,donation_mix,donation_readout_tts_ms,1810,485.938,509.413,446.238,558.604,558.604,427.54,558.604
emotion_only,heavy_context,backend_ready,donation_mix,emotion_motion_payload_ms,4000,0.0,0.0,0.0,0.0,0.0,0.0,0.0
emotion_only,heavy_context,backend_ready,donation_mix,fasttrack_analysis_ms,4000,13.488,13.435,12.753,13.807,15.146,12.385,15.146
emotion_only,heavy_context,backend_ready,donation_mix,fasttrack_audio_lookup_ms,4000,1.69,1.62,1.443,1.808,2.046,1.341,2.046
emotion_only,heavy_context,backend_ready,donation_mix,frontend_audio_overhead_ms,4000,3.641,3.476,2.417,4.823,6.564,0.064,7.925
emotion_only,heavy_context,backend_ready,donation_mix,latency_cover_plan_ms,4000,0.0,0.0,0.0,0.0,0.0,0.0,0.0
emotion_only,heavy_context,backend_ready,donation_mix,slowtrack_llm_ms,4000,3551.22,3573.551,3373.633,3747.546,4000.693,2633.98,4437.764
emotion_only,heavy_context,backend_ready,donation_mix,slowtrack_tts_ms,4000,1021.548,1015.772,950.867,1084.841,1198.071,723.356,1374.283
emotion_only,heavy_context,capture_stress,chat_only,emotion_motion_payload_ms,4000,0.0,0.0,0.0,0.0,0.0,0.0,0.0
emotion_only,heavy_context,capture_stress,chat_only,fasttrack_analysis_ms,4000,13.468,13.25,12.513,13.807,15.146,12.385,15.146
emotion_only,heavy_context,capture_stress,chat_only,fasttrack_audio_lookup_ms,4000,1.693,1.62,1.443,2.036,2.046,1.341,2.046
emotion_only,heavy_context,capture_stress,chat_only,frontend_audio_overhead_ms,4000,169.71,165.656,138.954,198.668,244.661,82.525,279.481
emotion_only,heavy_context,capture_stress,chat_only,latency_cover_plan_ms,4000,0.0,0.0,0.0,0.0,0.0,0.0,0.0
emotion_only,heavy_context,capture_stress,chat_only,slowtrack_llm_ms,4000,3564.063,3584.919,3383.154,3760.961,4007.393,2577.671,4516.304
emotion_only,heavy_context,capture_stress,chat_only,slowtrack_tts_ms,4000,1022.477,1017.844,956.126,1084.323,1191.045,750.34,1354.669
emotion_only,heavy_context,capture_stress,donation_mix,donation_emotion_motion_ms,1727,0.012,0.011,0.01,0.013,0.014,0.01,0.014
emotion_only,heavy_context,capture_stress,donation_mix,donation_readout_tts_ms,1727,486.244,509.413,446.238,558.604,558.604,427.54,558.604
emotion_only,heavy_context,capture_stress,donation_mix,emotion_motion_payload_ms,4000,0.0,0.0,0.0,0.0,0.0,0.0,0.0
emotion_only,heavy_context,capture_stress,donation_mix,fasttrack_analysis_ms,4000,13.456,13.25,12.513,13.807,15.146,12.385,15.146
emotion_only,heavy_context,capture_stress,donation_mix,fasttrack_audio_lookup_ms,4000,1.694,1.62,1.443,2.036,2.046,1.341,2.046
emotion_only,heavy_context,capture_stress,donation_mix,frontend_audio_overhead_ms,4000,169.262,164.975,138.084,198.841,242.078,81.052,277.449
emotion_only,heavy_context,capture_stress,donation_mix,latency_cover_plan_ms,4000,0.0,0.0,0.0,0.0,0.0,0.0,0.0
emotion_only,heavy_context,capture_stress,donation_mix,slowtrack_llm_ms,4000,3558.743,3572.24,3383.215,3756.498,4009.729,2591.46,4633.87
emotion_only,heavy_context,capture_stress,donation_mix,slowtrack_tts_ms,4000,1020.779,1017.089,950.987,1083.744,1194.961,737.938,1332.797
emotion_only,heavy_context,local_browser,chat_only,emotion_motion_payload_ms,4000,0.0,0.0,0.0,0.0,0.0,0.0,0.0
emotion_only,heavy_context,local_browser,chat_only,fasttrack_analysis_ms,4000,13.472,13.25,12.513,13.807,15.146,12.385,15.146
emotion_only,heavy_context,local_browser,chat_only,fasttrack_audio_lookup_ms,4000,1.69,1.62,1.443,2.036,2.046,1.341,2.046
emotion_only,heavy_context,local_browser,chat_only,frontend_audio_overhead_ms,4000,51.446,50.118,40.929,61.421,77.277,20.415,88.99
emotion_only,heavy_context,local_browser,chat_only,latency_cover_plan_ms,4000,0.0,0.0,0.0,0.0,0.0,0.0,0.0
emotion_only,heavy_context,local_browser,chat_only,slowtrack_llm_ms,4000,3559.958,3580.742,3378.893,3759.376,4009.526,2591.596,4519.042
emotion_only,heavy_context,local_browser,chat_only,slowtrack_tts_ms,4000,1018.952,1013.635,948.881,1081.842,1191.385,742.284,1361.542
emotion_only,heavy_context,local_browser,donation_mix,donation_emotion_motion_ms,1810,0.012,0.011,0.01,0.014,0.014,0.01,0.014
emotion_only,heavy_context,local_browser,donation_mix,donation_readout_tts_ms,1810,484.777,446.238,446.238,509.413,558.604,427.54,558.604
emotion_only,heavy_context,local_browser,donation_mix,emotion_motion_payload_ms,4000,0.0,0.0,0.0,0.0,0.0,0.0,0.0
emotion_only,heavy_context,local_browser,donation_mix,fasttrack_analysis_ms,4000,13.491,13.25,12.513,14.666,15.146,12.385,15.146
emotion_only,heavy_context,local_browser,donation_mix,fasttrack_audio_lookup_ms,4000,1.691,1.62,1.443,2.036,2.046,1.341,2.046
emotion_only,heavy_context,local_browser,donation_mix,frontend_audio_overhead_ms,4000,51.849,50.406,41.163,61.986,77.392,20.858,89.703
emotion_only,heavy_context,local_browser,donation_mix,latency_cover_plan_ms,4000,0.0,0.0,0.0,0.0,0.0,0.0,0.0
emotion_only,heavy_context,local_browser,donation_mix,slowtrack_llm_ms,4000,3556.703,3570.217,3377.209,3753.388,4001.447,2608.968,4567.414
emotion_only,heavy_context,local_browser,donation_mix,slowtrack_tts_ms,4000,1020.555,1016.835,951.313,1083.391,1192.409,671.942,1346.058
emotion_only,stress_context,backend_ready,chat_only,emotion_motion_payload_ms,4000,0.0,0.0,0.0,0.0,0.0,0.0,0.0
emotion_only,stress_context,backend_ready,chat_only,fasttrack_analysis_ms,4000,13.465,13.25,12.513,13.807,15.146,12.385,15.146
emotion_only,stress_context,backend_ready,chat_only,fasttrack_audio_lookup_ms,4000,1.701,1.781,1.474,2.036,2.046,1.341,2.046
emotion_only,stress_context,backend_ready,chat_only,frontend_audio_overhead_ms,4000,3.71,3.587,2.474,4.878,6.649,0.127,7.909
emotion_only,stress_context,backend_ready,chat_only,latency_cover_plan_ms,4000,0.0,0.0,0.0,0.0,0.0,0.0,0.0
emotion_only,stress_context,backend_ready,chat_only,slowtrack_llm_ms,4000,5039.598,5059.713,4775.0,5319.524,5692.64,3626.872,6306.077
emotion_only,stress_context,backend_ready,chat_only,slowtrack_tts_ms,4000,1141.75,1135.914,1063.992,1213.375,1339.412,796.256,1569.177
emotion_only,stress_context,backend_ready,donation_mix,donation_emotion_motion_ms,1790,0.012,0.011,0.01,0.013,0.014,0.01,0.014
emotion_only,stress_context,backend_ready,donation_mix,donation_readout_tts_ms,1790,483.453,446.238,446.238,509.413,558.604,427.54,558.604
emotion_only,stress_context,backend_ready,donation_mix,emotion_motion_payload_ms,4000,0.0,0.0,0.0,0.0,0.0,0.0,0.0
emotion_only,stress_context,backend_ready,donation_mix,fasttrack_analysis_ms,4000,13.459,13.25,12.513,13.807,15.146,12.385,15.146
emotion_only,stress_context,backend_ready,donation_mix,fasttrack_audio_lookup_ms,4000,1.692,1.781,1.443,1.808,2.046,1.341,2.046
emotion_only,stress_context,backend_ready,donation_mix,frontend_audio_overhead_ms,4000,3.701,3.583,2.505,4.854,6.556,0.14,7.944
emotion_only,stress_context,backend_ready,donation_mix,latency_cover_plan_ms,4000,0.0,0.0,0.0,0.0,0.0,0.0,0.0
emotion_only,stress_context,backend_ready,donation_mix,slowtrack_llm_ms,4000,5050.407,5077.544,4790.918,5327.065,5703.204,3550.528,6631.329
emotion_only,stress_context,backend_ready,donation_mix,slowtrack_tts_ms,4000,1147.409,1138.799,1065.849,1218.079,1351.742,816.786,1498.221
emotion_only,stress_context,capture_stress,chat_only,emotion_motion_payload_ms,4000,0.0,0.0,0.0,0.0,0.0,0.0,0.0
emotion_only,stress_context,capture_stress,chat_only,fasttrack_analysis_ms,4000,13.507,13.435,12.753,14.666,15.146,12.385,15.146
emotion_only,stress_context,capture_stress,chat_only,fasttrack_audio_lookup_ms,4000,1.701,1.781,1.474,2.036,2.046,1.341,2.046
emotion_only,stress_context,capture_stress,chat_only,frontend_audio_overhead_ms,4000,169.803,164.668,137.933,200.737,243.988,83.283,278.962
emotion_only,stress_context,capture_stress,chat_only,latency_cover_plan_ms,4000,0.0,0.0,0.0,0.0,0.0,0.0,0.0
emotion_only,stress_context,capture_stress,chat_only,slowtrack_llm_ms,4000,5056.899,5082.534,4796.661,5343.814,5687.651,3474.496,6462.48
emotion_only,stress_context,capture_stress,chat_only,slowtrack_tts_ms,4000,1142.13,1137.05,1069.122,1208.822,1328.058,855.55,1570.819
emotion_only,stress_context,capture_stress,donation_mix,donation_emotion_motion_ms,1770,0.012,0.011,0.01,0.013,0.014,0.01,0.014
emotion_only,stress_context,capture_stress,donation_mix,donation_readout_tts_ms,1770,482.973,446.238,427.54,509.413,558.604,427.54,558.604
emotion_only,stress_context,capture_stress,donation_mix,emotion_motion_payload_ms,4000,0.0,0.0,0.0,0.0,0.0,0.0,0.0
emotion_only,stress_context,capture_stress,donation_mix,fasttrack_analysis_ms,4000,13.488,13.25,12.513,13.807,15.146,12.385,15.146
emotion_only,stress_context,capture_stress,donation_mix,fasttrack_audio_lookup_ms,4000,1.702,1.781,1.474,2.036,2.046,1.341,2.046
emotion_only,stress_context,capture_stress,donation_mix,frontend_audio_overhead_ms,4000,169.756,166.416,139.237,198.533,243.326,80.68,276.944
emotion_only,stress_context,capture_stress,donation_mix,latency_cover_plan_ms,4000,0.0,0.0,0.0,0.0,0.0,0.0,0.0
emotion_only,stress_context,capture_stress,donation_mix,slowtrack_llm_ms,4000,5048.799,5070.645,4787.811,5322.667,5705.331,3648.437,6439.537
emotion_only,stress_context,capture_stress,donation_mix,slowtrack_tts_ms,4000,1146.374,1140.183,1073.159,1214.723,1337.409,855.213,1517.73
emotion_only,stress_context,local_browser,chat_only,emotion_motion_payload_ms,4000,0.0,0.0,0.0,0.0,0.0,0.0,0.0
emotion_only,stress_context,local_browser,chat_only,fasttrack_analysis_ms,4000,13.529,13.435,12.753,14.666,15.146,12.385,15.146
emotion_only,stress_context,local_browser,chat_only,fasttrack_audio_lookup_ms,4000,1.691,1.62,1.474,1.808,2.046,1.341,2.046
emotion_only,stress_context,local_browser,chat_only,frontend_audio_overhead_ms,4000,51.392,50.169,40.525,61.546,77.023,20.734,89.517
emotion_only,stress_context,local_browser,chat_only,latency_cover_plan_ms,4000,0.0,0.0,0.0,0.0,0.0,0.0,0.0
emotion_only,stress_context,local_browser,chat_only,slowtrack_llm_ms,4000,5040.97,5064.209,4785.607,5333.059,5683.04,3505.698,6450.769
emotion_only,stress_context,local_browser,chat_only,slowtrack_tts_ms,4000,1142.702,1135.406,1067.875,1214.224,1332.96,825.52,1506.457
emotion_only,stress_context,local_browser,donation_mix,donation_emotion_motion_ms,1802,0.012,0.011,0.01,0.013,0.014,0.01,0.014
emotion_only,stress_context,local_browser,donation_mix,donation_readout_tts_ms,1802,485.302,509.413,427.54,509.413,558.604,427.54,558.604
emotion_only,stress_context,local_browser,donation_mix,emotion_motion_payload_ms,4000,0.0,0.0,0.0,0.0,0.0,0.0,0.0
emotion_only,stress_context,local_browser,donation_mix,fasttrack_analysis_ms,4000,13.492,13.25,12.753,13.807,15.146,12.385,15.146
emotion_only,stress_context,local_browser,donation_mix,fasttrack_audio_lookup_ms,4000,1.695,1.781,1.443,2.036,2.046,1.341,2.046
emotion_only,stress_context,local_browser,donation_mix,frontend_audio_overhead_ms,4000,52.002,50.377,41.187,62.65,77.287,20.435,89.37
emotion_only,stress_context,local_browser,donation_mix,latency_cover_plan_ms,4000,0.0,0.0,0.0,0.0,0.0,0.0,0.0
emotion_only,stress_context,local_browser,donation_mix,slowtrack_llm_ms,4000,5043.043,5067.094,4790.044,5313.184,5686.951,3324.185,6953.797
emotion_only,stress_context,local_browser,donation_mix,slowtrack_tts_ms,4000,1142.586,1136.412,1066.749,1211.836,1331.649,856.461,1518.419
grounded,current_prompt,backend_ready,chat_only,emotion_motion_payload_ms,4000,0.0,0.0,0.0,0.0,0.0,0.0,0.0
grounded,current_prompt,backend_ready,chat_only,fasttrack_analysis_ms,4000,50.803,22.49,19.661,23.809,283.077,9.786,283.077
grounded,current_prompt,backend_ready,chat_only,fasttrack_audio_lookup_ms,4000,1.719,1.772,1.464,1.92,2.181,1.333,2.181
grounded,current_prompt,backend_ready,chat_only,frontend_audio_overhead_ms,4000,3.63,3.521,2.444,4.794,6.485,0.034,7.902
grounded,current_prompt,backend_ready,chat_only,latency_cover_plan_ms,4000,0.0,0.0,0.0,0.0,0.0,0.0,0.0
grounded,current_prompt,backend_ready,chat_only,slowtrack_llm_ms,4000,1505.801,1503.255,1428.004,1582.846,1692.671,1036.272,1969.088
grounded,current_prompt,backend_ready,chat_only,slowtrack_tts_ms,4000,942.377,938.24,876.391,1005.446,1085.406,699.744,1235.915
grounded,current_prompt,backend_ready,donation_mix,donation_emotion_motion_ms,1761,0.046,0.013,0.012,0.013,0.181,0.008,0.181
grounded,current_prompt,backend_ready,donation_mix,donation_readout_tts_ms,1761,464.019,477.696,430.736,488.194,533.738,394.98,533.738
grounded,current_prompt,backend_ready,donation_mix,emotion_motion_payload_ms,4000,0.0,0.0,0.0,0.0,0.0,0.0,0.0
grounded,current_prompt,backend_ready,donation_mix,fasttrack_analysis_ms,4000,48.457,22.49,19.661,23.809,283.077,9.786,283.077
grounded,current_prompt,backend_ready,donation_mix,fasttrack_audio_lookup_ms,4000,1.724,1.772,1.464,1.92,2.181,1.333,2.181
grounded,current_prompt,backend_ready,donation_mix,frontend_audio_overhead_ms,4000,3.606,3.481,2.353,4.785,6.577,0.089,7.95
grounded,current_prompt,backend_ready,donation_mix,latency_cover_plan_ms,4000,0.0,0.0,0.0,0.0,0.0,0.0,0.0
grounded,current_prompt,backend_ready,donation_mix,slowtrack_llm_ms,4000,1504.376,1501.177,1423.464,1582.283,1697.743,1075.532,1921.587
grounded,current_prompt,backend_ready,donation_mix,slowtrack_tts_ms,4000,942.807,939.059,876.325,1006.406,1086.196,697.908,1213.572
grounded,current_prompt,capture_stress,chat_only,emotion_motion_payload_ms,4000,0.0,0.0,0.0,0.0,0.0,0.0,0.0
grounded,current_prompt,capture_stress,chat_only,fasttrack_analysis_ms,4000,50.537,22.49,19.661,23.809,283.077,9.786,283.077
grounded,current_prompt,capture_stress,chat_only,fasttrack_audio_lookup_ms,4000,1.72,1.772,1.464,1.92,2.181,1.333,2.181
grounded,current_prompt,capture_stress,chat_only,frontend_audio_overhead_ms,4000,169.734,166.278,139.095,198.77,240.43,81.289,275.744
grounded,current_prompt,capture_stress,chat_only,latency_cover_plan_ms,4000,0.0,0.0,0.0,0.0,0.0,0.0,0.0
grounded,current_prompt,capture_stress,chat_only,slowtrack_llm_ms,4000,1507.308,1507.785,1432.012,1582.076,1691.622,1167.548,1913.377
grounded,current_prompt,capture_stress,chat_only,slowtrack_tts_ms,4000,942.419,937.072,873.919,1009.641,1087.821,706.685,1240.531
grounded,current_prompt,capture_stress,donation_mix,donation_emotion_motion_ms,1812,0.044,0.013,0.012,0.013,0.181,0.008,0.181
grounded,current_prompt,capture_stress,donation_mix,donation_readout_tts_ms,1812,466.099,477.696,430.736,488.194,533.738,394.98,533.738
grounded,current_prompt,capture_stress,donation_mix,emotion_motion_payload_ms,4000,0.0,0.0,0.0,0.0,0.0,0.0,0.0
grounded,current_prompt,capture_stress,donation_mix,fasttrack_analysis_ms,4000,51.42,22.49,19.661,23.809,283.077,9.786,283.077
grounded,current_prompt,capture_stress,donation_mix,fasttrack_audio_lookup_ms,4000,1.72,1.772,1.464,1.92,2.181,1.333,2.181
grounded,current_prompt,capture_stress,donation_mix,frontend_audio_overhead_ms,4000,169.583,166.288,139.452,198.157,242.05,82.295,276.231
grounded,current_prompt,capture_stress,donation_mix,latency_cover_plan_ms,4000,0.0,0.0,0.0,0.0,0.0,0.0,0.0
grounded,current_prompt,capture_stress,donation_mix,slowtrack_llm_ms,4000,1513.674,1511.239,1438.023,1590.957,1698.871,1167.584,1933.282
grounded,current_prompt,capture_stress,donation_mix,slowtrack_tts_ms,4000,940.34,933.994,875.46,1003.985,1081.372,712.134,1239.778
grounded,current_prompt,local_browser,chat_only,emotion_motion_payload_ms,4000,0.0,0.0,0.0,0.0,0.0,0.0,0.0
grounded,current_prompt,local_browser,chat_only,fasttrack_analysis_ms,4000,50.282,22.49,19.661,23.809,283.077,9.786,283.077
grounded,current_prompt,local_browser,chat_only,fasttrack_audio_lookup_ms,4000,1.716,1.772,1.464,1.92,2.181,1.333,2.181
grounded,current_prompt,local_browser,chat_only,frontend_audio_overhead_ms,4000,51.691,50.213,40.913,61.927,77.427,20.355,89.672
grounded,current_prompt,local_browser,chat_only,latency_cover_plan_ms,4000,0.0,0.0,0.0,0.0,0.0,0.0,0.0
grounded,current_prompt,local_browser,chat_only,slowtrack_llm_ms,4000,1507.886,1506.647,1429.714,1584.09,1694.514,1155.729,1919.963
grounded,current_prompt,local_browser,chat_only,slowtrack_tts_ms,4000,942.86,937.634,877.323,1006.154,1086.968,698.931,1247.435
grounded,current_prompt,local_browser,donation_mix,donation_emotion_motion_ms,1805,0.047,0.013,0.012,0.013,0.181,0.008,0.181
grounded,current_prompt,local_browser,donation_mix,donation_readout_tts_ms,1805,466.036,477.696,430.736,488.194,533.738,394.98,533.738
grounded,current_prompt,local_browser,donation_mix,emotion_motion_payload_ms,4000,0.0,0.0,0.0,0.0,0.0,0.0,0.0
grounded,current_prompt,local_browser,donation_mix,fasttrack_analysis_ms,4000,50.879,22.49,19.661,23.809,283.077,9.786,283.077
grounded,current_prompt,local_browser,donation_mix,fasttrack_audio_lookup_ms,4000,1.718,1.772,1.464,1.92,2.181,1.333,2.181
grounded,current_prompt,local_browser,donation_mix,frontend_audio_overhead_ms,4000,51.709,50.394,40.556,62.137,77.482,20.606,89.193
grounded,current_prompt,local_browser,donation_mix,latency_cover_plan_ms,4000,0.0,0.0,0.0,0.0,0.0,0.0,0.0
grounded,current_prompt,local_browser,donation_mix,slowtrack_llm_ms,4000,1504.187,1501.535,1427.974,1578.314,1694.387,1129.365,1882.593
grounded,current_prompt,local_browser,donation_mix,slowtrack_tts_ms,4000,943.051,939.252,874.488,1007.264,1091.051,712.305,1210.116
grounded,expanded_memory,backend_ready,chat_only,emotion_motion_payload_ms,4000,0.0,0.0,0.0,0.0,0.0,0.0,0.0
grounded,expanded_memory,backend_ready,chat_only,fasttrack_analysis_ms,4000,49.531,22.49,19.661,23.809,283.077,9.786,283.077
grounded,expanded_memory,backend_ready,chat_only,fasttrack_audio_lookup_ms,4000,1.721,1.772,1.464,1.92,2.181,1.333,2.181
grounded,expanded_memory,backend_ready,chat_only,frontend_audio_overhead_ms,4000,3.623,3.51,2.393,4.764,6.548,0.073,7.955
grounded,expanded_memory,backend_ready,chat_only,latency_cover_plan_ms,4000,0.0,0.0,0.0,0.0,0.0,0.0,0.0
grounded,expanded_memory,backend_ready,chat_only,slowtrack_llm_ms,4000,2410.821,2403.153,2285.743,2531.53,2720.218,1820.346,3014.969
grounded,expanded_memory,backend_ready,chat_only,slowtrack_tts_ms,4000,1037.515,1031.919,964.606,1108.285,1197.845,760.797,1326.857
grounded,expanded_memory,backend_ready,donation_mix,donation_emotion_motion_ms,1721,0.047,0.013,0.012,0.013,0.181,0.008,0.181
grounded,expanded_memory,backend_ready,donation_mix,donation_readout_tts_ms,1721,463.657,477.696,430.736,488.194,533.738,394.98,533.738
grounded,expanded_memory,backend_ready,donation_mix,emotion_motion_payload_ms,4000,0.0,0.0,0.0,0.0,0.0,0.0,0.0
grounded,expanded_memory,backend_ready,donation_mix,fasttrack_analysis_ms,4000,49.695,22.49,19.661,23.809,283.077,9.786,283.077
grounded,expanded_memory,backend_ready,donation_mix,fasttrack_audio_lookup_ms,4000,1.714,1.772,1.464,1.92,2.181,1.333,2.181
grounded,expanded_memory,backend_ready,donation_mix,frontend_audio_overhead_ms,4000,3.689,3.526,2.527,4.852,6.523,0.135,7.94
grounded,expanded_memory,backend_ready,donation_mix,latency_cover_plan_ms,4000,0.0,0.0,0.0,0.0,0.0,0.0,0.0
grounded,expanded_memory,backend_ready,donation_mix,slowtrack_llm_ms,4000,2411.106,2401.568,2286.698,2535.492,2713.648,1896.401,3182.42
grounded,expanded_memory,backend_ready,donation_mix,slowtrack_tts_ms,4000,1035.714,1031.03,963.261,1105.978,1195.458,767.856,1371.119
grounded,expanded_memory,capture_stress,chat_only,emotion_motion_payload_ms,4000,0.0,0.0,0.0,0.0,0.0,0.0,0.0
grounded,expanded_memory,capture_stress,chat_only,fasttrack_analysis_ms,4000,50.591,22.49,19.661,23.809,283.077,9.786,283.077
grounded,expanded_memory,capture_stress,chat_only,fasttrack_audio_lookup_ms,4000,1.718,1.772,1.464,1.92,2.181,1.333,2.181
grounded,expanded_memory,capture_stress,chat_only,frontend_audio_overhead_ms,4000,170.122,165.565,139.625,200.097,244.8,80.542,279.23
grounded,expanded_memory,capture_stress,chat_only,latency_cover_plan_ms,4000,0.0,0.0,0.0,0.0,0.0,0.0,0.0
grounded,expanded_memory,capture_stress,chat_only,slowtrack_llm_ms,4000,2410.713,2403.617,2285.852,2529.611,2714.291,1750.008,3069.948
grounded,expanded_memory,capture_stress,chat_only,slowtrack_tts_ms,4000,1038.571,1034.251,964.814,1108.622,1197.377,780.014,1361.966
grounded,expanded_memory,capture_stress,donation_mix,donation_emotion_motion_ms,1808,0.043,0.013,0.012,0.013,0.181,0.008,0.181
grounded,expanded_memory,capture_stress,donation_mix,donation_readout_tts_ms,1808,464.563,477.696,430.736,488.194,533.738,394.98,533.738
grounded,expanded_memory,capture_stress,donation_mix,emotion_motion_payload_ms,4000,0.0,0.0,0.0,0.0,0.0,0.0,0.0
grounded,expanded_memory,capture_stress,donation_mix,fasttrack_analysis_ms,4000,50.197,22.49,19.661,23.809,283.077,9.786,283.077
grounded,expanded_memory,capture_stress,donation_mix,fasttrack_audio_lookup_ms,4000,1.723,1.772,1.464,1.92,2.181,1.333,2.181
grounded,expanded_memory,capture_stress,donation_mix,frontend_audio_overhead_ms,4000,170.138,166.791,138.709,200.692,244.187,81.119,278.925
grounded,expanded_memory,capture_stress,donation_mix,latency_cover_plan_ms,4000,0.0,0.0,0.0,0.0,0.0,0.0,0.0
grounded,expanded_memory,capture_stress,donation_mix,slowtrack_llm_ms,4000,2407.177,2404.474,2283.008,2529.411,2710.127,1768.29,3036.728
grounded,expanded_memory,capture_stress,donation_mix,slowtrack_tts_ms,4000,1035.962,1030.593,962.133,1108.92,1193.181,769.746,1326.307
grounded,expanded_memory,local_browser,chat_only,emotion_motion_payload_ms,4000,0.0,0.0,0.0,0.0,0.0,0.0,0.0
grounded,expanded_memory,local_browser,chat_only,fasttrack_analysis_ms,4000,48.882,22.49,19.661,23.809,283.077,9.786,283.077
grounded,expanded_memory,local_browser,chat_only,fasttrack_audio_lookup_ms,4000,1.716,1.772,1.464,1.92,2.181,1.333,2.181
grounded,expanded_memory,local_browser,chat_only,frontend_audio_overhead_ms,4000,51.367,49.904,40.506,62.265,77.064,20.601,88.794
grounded,expanded_memory,local_browser,chat_only,latency_cover_plan_ms,4000,0.0,0.0,0.0,0.0,0.0,0.0,0.0
grounded,expanded_memory,local_browser,chat_only,slowtrack_llm_ms,4000,2407.239,2406.381,2283.032,2527.874,2700.368,1870.362,3149.056
grounded,expanded_memory,local_browser,chat_only,slowtrack_tts_ms,4000,1035.064,1029.686,961.284,1107.465,1195.728,784.337,1357.787
grounded,expanded_memory,local_browser,donation_mix,donation_emotion_motion_ms,1795,0.045,0.013,0.012,0.013,0.181,0.008,0.181
grounded,expanded_memory,local_browser,donation_mix,donation_readout_tts_ms,1795,466.312,477.696,430.736,488.194,533.738,394.98,533.738
grounded,expanded_memory,local_browser,donation_mix,emotion_motion_payload_ms,4000,0.0,0.0,0.0,0.0,0.0,0.0,0.0
grounded,expanded_memory,local_browser,donation_mix,fasttrack_analysis_ms,4000,47.806,22.49,19.661,23.809,283.077,9.786,283.077
grounded,expanded_memory,local_browser,donation_mix,fasttrack_audio_lookup_ms,4000,1.721,1.772,1.464,1.92,2.181,1.333,2.181
grounded,expanded_memory,local_browser,donation_mix,frontend_audio_overhead_ms,4000,51.609,50.458,40.941,61.839,77.407,20.473,89.622
grounded,expanded_memory,local_browser,donation_mix,latency_cover_plan_ms,4000,0.0,0.0,0.0,0.0,0.0,0.0,0.0
grounded,expanded_memory,local_browser,donation_mix,slowtrack_llm_ms,4000,2410.596,2408.976,2287.292,2530.989,2721.422,1742.014,3073.465
grounded,expanded_memory,local_browser,donation_mix,slowtrack_tts_ms,4000,1036.361,1029.726,963.802,1107.1,1196.671,776.391,1336.62
grounded,heavy_context,backend_ready,chat_only,emotion_motion_payload_ms,4000,0.0,0.0,0.0,0.0,0.0,0.0,0.0
grounded,heavy_context,backend_ready,chat_only,fasttrack_analysis_ms,4000,49.916,22.49,19.661,23.809,283.077,9.786,283.077
grounded,heavy_context,backend_ready,chat_only,fasttrack_audio_lookup_ms,4000,1.717,1.772,1.464,1.92,2.181,1.333,2.181
grounded,heavy_context,backend_ready,chat_only,frontend_audio_overhead_ms,4000,3.693,3.543,2.456,4.878,6.674,0.05,7.8
grounded,heavy_context,backend_ready,chat_only,latency_cover_plan_ms,4000,0.0,0.0,0.0,0.0,0.0,0.0,0.0
grounded,heavy_context,backend_ready,chat_only,slowtrack_llm_ms,4000,3619.875,3615.554,3429.247,3799.77,4065.897,2662.401,4605.096
grounded,heavy_context,backend_ready,chat_only,slowtrack_tts_ms,4000,1175.982,1170.888,1093.828,1253.149,1357.914,889.69,1603.198
grounded,heavy_context,backend_ready,donation_mix,donation_emotion_motion_ms,1782,0.041,0.013,0.012,0.013,0.181,0.008,0.181
grounded,heavy_context,backend_ready,donation_mix,donation_readout_tts_ms,1782,464.998,477.696,430.736,488.194,533.738,394.98,533.738
grounded,heavy_context,backend_ready,donation_mix,emotion_motion_payload_ms,4000,0.0,0.0,0.0,0.0,0.0,0.0,0.0
grounded,heavy_context,backend_ready,donation_mix,fasttrack_analysis_ms,4000,48.884,22.49,19.661,23.809,283.077,9.786,283.077
grounded,heavy_context,backend_ready,donation_mix,fasttrack_audio_lookup_ms,4000,1.715,1.772,1.464,1.92,2.181,1.333,2.181
grounded,heavy_context,backend_ready,donation_mix,frontend_audio_overhead_ms,4000,3.656,3.511,2.447,4.795,6.625,0.024,7.937
grounded,heavy_context,backend_ready,donation_mix,latency_cover_plan_ms,4000,0.0,0.0,0.0,0.0,0.0,0.0,0.0
grounded,heavy_context,backend_ready,donation_mix,slowtrack_llm_ms,4000,3616.621,3612.511,3427.244,3795.117,4076.425,2810.466,4617.246
grounded,heavy_context,backend_ready,donation_mix,slowtrack_tts_ms,4000,1173.889,1166.064,1091.52,1255.309,1354.592,875.797,1484.147
grounded,heavy_context,capture_stress,chat_only,emotion_motion_payload_ms,4000,0.0,0.0,0.0,0.0,0.0,0.0,0.0
grounded,heavy_context,capture_stress,chat_only,fasttrack_analysis_ms,4000,51.079,22.49,19.661,23.809,283.077,9.786,283.077
grounded,heavy_context,capture_stress,chat_only,fasttrack_audio_lookup_ms,4000,1.714,1.772,1.464,1.92,2.181,1.333,2.181
grounded,heavy_context,capture_stress,chat_only,frontend_audio_overhead_ms,4000,169.047,165.309,137.966,199.176,243.749,81.68,278.91
grounded,heavy_context,capture_stress,chat_only,latency_cover_plan_ms,4000,0.0,0.0,0.0,0.0,0.0,0.0,0.0
grounded,heavy_context,capture_stress,chat_only,slowtrack_llm_ms,4000,3622.807,3614.58,3438.494,3807.405,4066.313,2726.45,4653.849
grounded,heavy_context,capture_stress,chat_only,slowtrack_tts_ms,4000,1178.593,1171.909,1097.546,1258.938,1358.515,903.703,1506.723
grounded,heavy_context,capture_stress,donation_mix,donation_emotion_motion_ms,1823,0.046,0.013,0.012,0.013,0.181,0.008,0.181
grounded,heavy_context,capture_stress,donation_mix,donation_readout_tts_ms,1823,466.05,477.696,430.736,488.194,533.738,394.98,533.738
grounded,heavy_context,capture_stress,donation_mix,emotion_motion_payload_ms,4000,0.0,0.0,0.0,0.0,0.0,0.0,0.0
grounded,heavy_context,capture_stress,donation_mix,fasttrack_analysis_ms,4000,51.823,22.49,19.661,23.809,283.077,9.786,283.077
grounded,heavy_context,capture_stress,donation_mix,fasttrack_audio_lookup_ms,4000,1.725,1.772,1.464,1.92,2.181,1.333,2.181
grounded,heavy_context,capture_stress,donation_mix,frontend_audio_overhead_ms,4000,169.905,166.525,138.412,198.507,242.559,82.607,277.723
grounded,heavy_context,capture_stress,donation_mix,latency_cover_plan_ms,4000,0.0,0.0,0.0,0.0,0.0,0.0,0.0
grounded,heavy_context,capture_stress,donation_mix,slowtrack_llm_ms,4000,3621.786,3618.55,3437.47,3798.43,4060.156,2536.441,4661.187
grounded,heavy_context,capture_stress,donation_mix,slowtrack_tts_ms,4000,1175.202,1167.704,1094.078,1254.028,1355.25,850.191,1506.389
grounded,heavy_context,local_browser,chat_only,emotion_motion_payload_ms,4000,0.0,0.0,0.0,0.0,0.0,0.0,0.0
grounded,heavy_context,local_browser,chat_only,fasttrack_analysis_ms,4000,49.839,22.49,19.661,23.809,283.077,9.786,283.077
grounded,heavy_context,local_browser,chat_only,fasttrack_audio_lookup_ms,4000,1.715,1.772,1.464,1.92,2.181,1.333,2.181
grounded,heavy_context,local_browser,chat_only,frontend_audio_overhead_ms,4000,51.732,50.41,40.85,62.205,77.215,20.581,89.385
grounded,heavy_context,local_browser,chat_only,latency_cover_plan_ms,4000,0.0,0.0,0.0,0.0,0.0,0.0,0.0
grounded,heavy_context,local_browser,chat_only,slowtrack_llm_ms,4000,3612.699,3609.947,3422.992,3794.724,4071.019,2723.993,4525.462
grounded,heavy_context,local_browser,chat_only,slowtrack_tts_ms,4000,1179.09,1171.947,1095.592,1259.876,1367.196,853.345,1529.797
grounded,heavy_context,local_browser,donation_mix,donation_emotion_motion_ms,1728,0.045,0.013,0.012,0.013,0.181,0.008,0.181
grounded,heavy_context,local_browser,donation_mix,donation_readout_tts_ms,1728,464.982,477.696,430.736,488.194,533.738,394.98,533.738
grounded,heavy_context,local_browser,donation_mix,emotion_motion_payload_ms,4000,0.0,0.0,0.0,0.0,0.0,0.0,0.0
grounded,heavy_context,local_browser,donation_mix,fasttrack_analysis_ms,4000,50.184,22.49,19.661,23.809,283.077,9.786,283.077
grounded,heavy_context,local_browser,donation_mix,fasttrack_audio_lookup_ms,4000,1.723,1.772,1.464,1.92,2.181,1.333,2.181
grounded,heavy_context,local_browser,donation_mix,frontend_audio_overhead_ms,4000,51.8,50.425,40.996,62.318,77.242,20.241,88.713
grounded,heavy_context,local_browser,donation_mix,latency_cover_plan_ms,4000,0.0,0.0,0.0,0.0,0.0,0.0,0.0
grounded,heavy_context,local_browser,donation_mix,slowtrack_llm_ms,4000,3619.702,3612.369,3427.306,3809.744,4083.663,2755.859,4729.486
grounded,heavy_context,local_browser,donation_mix,slowtrack_tts_ms,4000,1175.721,1170.199,1092.605,1255.65,1357.536,801.459,1505.219
grounded,stress_context,backend_ready,chat_only,emotion_motion_payload_ms,4000,0.0,0.0,0.0,0.0,0.0,0.0,0.0
grounded,stress_context,backend_ready,chat_only,fasttrack_analysis_ms,4000,50.246,22.49,19.661,23.809,283.077,9.786,283.077
grounded,stress_context,backend_ready,chat_only,fasttrack_audio_lookup_ms,4000,1.725,1.772,1.464,1.92,2.181,1.333,2.181
grounded,stress_context,backend_ready,chat_only,frontend_audio_overhead_ms,4000,3.694,3.531,2.435,4.934,6.64,0.041,7.877
grounded,stress_context,backend_ready,chat_only,latency_cover_plan_ms,4000,0.0,0.0,0.0,0.0,0.0,0.0,0.0
grounded,stress_context,backend_ready,chat_only,slowtrack_llm_ms,4000,5119.425,5112.856,4849.895,5373.204,5756.271,3931.909,6475.289
grounded,stress_context,backend_ready,chat_only,slowtrack_tts_ms,4000,1318.2,1309.812,1225.372,1407.037,1522.835,965.489,1706.478
grounded,stress_context,backend_ready,donation_mix,donation_emotion_motion_ms,1773,0.045,0.013,0.012,0.013,0.181,0.008,0.181
grounded,stress_context,backend_ready,donation_mix,donation_readout_tts_ms,1773,466.222,477.696,430.736,488.194,533.738,394.98,533.738
grounded,stress_context,backend_ready,donation_mix,emotion_motion_payload_ms,4000,0.0,0.0,0.0,0.0,0.0,0.0,0.0
grounded,stress_context,backend_ready,donation_mix,fasttrack_analysis_ms,4000,50.005,22.49,19.661,23.809,283.077,9.786,283.077
grounded,stress_context,backend_ready,donation_mix,fasttrack_audio_lookup_ms,4000,1.73,1.772,1.464,1.92,2.181,1.333,2.181
grounded,stress_context,backend_ready,donation_mix,frontend_audio_overhead_ms,4000,3.636,3.482,2.454,4.795,6.544,0.03,7.856
grounded,stress_context,backend_ready,donation_mix,latency_cover_plan_ms,4000,0.0,0.0,0.0,0.0,0.0,0.0,0.0
grounded,stress_context,backend_ready,donation_mix,slowtrack_llm_ms,4000,5125.57,5114.227,4855.873,5382.233,5788.091,3956.869,6621.245
grounded,stress_context,backend_ready,donation_mix,slowtrack_tts_ms,4000,1317.572,1309.291,1222.753,1409.053,1523.852,970.084,1693.771
grounded,stress_context,capture_stress,chat_only,emotion_motion_payload_ms,4000,0.0,0.0,0.0,0.0,0.0,0.0,0.0
grounded,stress_context,capture_stress,chat_only,fasttrack_analysis_ms,4000,50.394,22.49,19.661,23.809,283.077,9.786,283.077
grounded,stress_context,capture_stress,chat_only,fasttrack_audio_lookup_ms,4000,1.721,1.772,1.464,1.92,2.181,1.333,2.181
grounded,stress_context,capture_stress,chat_only,frontend_audio_overhead_ms,4000,169.597,165.211,139.463,198.451,242.333,82.75,278.379
grounded,stress_context,capture_stress,chat_only,latency_cover_plan_ms,4000,0.0,0.0,0.0,0.0,0.0,0.0,0.0
grounded,stress_context,capture_stress,chat_only,slowtrack_llm_ms,4000,5122.946,5110.084,4861.89,5382.619,5756.253,3981.753,6456.105
grounded,stress_context,capture_stress,chat_only,slowtrack_tts_ms,4000,1318.161,1312.501,1226.17,1408.039,1519.289,928.06,1701.561
grounded,stress_context,capture_stress,donation_mix,donation_emotion_motion_ms,1765,0.05,0.013,0.012,0.013,0.181,0.008,0.181
grounded,stress_context,capture_stress,donation_mix,donation_readout_tts_ms,1765,463.864,477.696,430.736,488.194,533.738,394.98,533.738
grounded,stress_context,capture_stress,donation_mix,emotion_motion_payload_ms,4000,0.0,0.0,0.0,0.0,0.0,0.0,0.0
grounded,stress_context,capture_stress,donation_mix,fasttrack_analysis_ms,4000,48.148,22.49,19.661,23.809,283.077,9.786,283.077
grounded,stress_context,capture_stress,donation_mix,fasttrack_audio_lookup_ms,4000,1.717,1.772,1.464,1.92,2.181,1.333,2.181
grounded,stress_context,capture_stress,donation_mix,frontend_audio_overhead_ms,4000,169.783,166.285,138.876,198.672,244.054,81.787,277.705
grounded,stress_context,capture_stress,donation_mix,latency_cover_plan_ms,4000,0.0,0.0,0.0,0.0,0.0,0.0,0.0
grounded,stress_context,capture_stress,donation_mix,slowtrack_llm_ms,4000,5113.462,5109.758,4844.715,5373.164,5771.948,3892.245,6602.029
grounded,stress_context,capture_stress,donation_mix,slowtrack_tts_ms,4000,1321.8,1316.092,1232.189,1412.3,1526.006,966.046,1689.514
grounded,stress_context,local_browser,chat_only,emotion_motion_payload_ms,4000,0.0,0.0,0.0,0.0,0.0,0.0,0.0
grounded,stress_context,local_browser,chat_only,fasttrack_analysis_ms,4000,50.532,22.49,19.661,23.809,283.077,9.786,283.077
grounded,stress_context,local_browser,chat_only,fasttrack_audio_lookup_ms,4000,1.719,1.772,1.464,1.92,2.181,1.333,2.181
grounded,stress_context,local_browser,chat_only,frontend_audio_overhead_ms,4000,51.859,50.613,41.218,61.937,77.646,20.655,89.267
grounded,stress_context,local_browser,chat_only,latency_cover_plan_ms,4000,0.0,0.0,0.0,0.0,0.0,0.0,0.0
grounded,stress_context,local_browser,chat_only,slowtrack_llm_ms,4000,5118.76,5108.178,4856.106,5368.68,5769.547,3896.004,6664.981
grounded,stress_context,local_browser,chat_only,slowtrack_tts_ms,4000,1315.406,1309.781,1224.675,1404.176,1519.125,986.787,1682.299
grounded,stress_context,local_browser,donation_mix,donation_emotion_motion_ms,1759,0.043,0.013,0.012,0.013,0.181,0.008,0.181
grounded,stress_context,local_browser,donation_mix,donation_readout_tts_ms,1759,465.735,477.696,430.736,488.194,533.738,394.98,533.738
grounded,stress_context,local_browser,donation_mix,emotion_motion_payload_ms,4000,0.0,0.0,0.0,0.0,0.0,0.0,0.0
grounded,stress_context,local_browser,donation_mix,fasttrack_analysis_ms,4000,50.326,22.49,19.661,23.809,283.077,9.786,283.077
grounded,stress_context,local_browser,donation_mix,fasttrack_audio_lookup_ms,4000,1.72,1.772,1.464,1.92,2.181,1.333,2.181
grounded,stress_context,local_browser,donation_mix,frontend_audio_overhead_ms,4000,51.802,50.754,41.437,61.673,77.085,20.406,89.502
grounded,stress_context,local_browser,donation_mix,latency_cover_plan_ms,4000,0.0,0.0,0.0,0.0,0.0,0.0,0.0
grounded,stress_context,local_browser,donation_mix,slowtrack_llm_ms,4000,5118.137,5112.513,4861.065,5368.318,5756.072,3682.656,6432.279
grounded,stress_context,local_browser,donation_mix,slowtrack_tts_ms,4000,1318.946,1312.637,1227.247,1409.579,1518.766,971.188,1691.263
neutral_random,current_prompt,backend_ready,chat_only,emotion_motion_payload_ms,4000,0.0,0.0,0.0,0.0,0.0,0.0,0.0
neutral_random,current_prompt,backend_ready,chat_only,fasttrack_analysis_ms,4000,12.742,12.801,11.345,14.348,15.311,10.574,15.311
neutral_random,current_prompt,backend_ready,chat_only,fasttrack_audio_lookup_ms,4000,1.791,1.587,1.505,1.989,3.278,1.389,3.278
neutral_random,current_prompt,backend_ready,chat_only,frontend_audio_overhead_ms,4000,3.635,3.523,2.421,4.766,6.527,0.101,7.842
neutral_random,current_prompt,backend_ready,chat_only,latency_cover_plan_ms,4000,0.0,0.0,0.0,0.0,0.0,0.0,0.0
neutral_random,current_prompt,backend_ready,chat_only,slowtrack_llm_ms,4000,1470.456,1476.394,1369.264,1569.053,1687.191,1059.952,1913.822
neutral_random,current_prompt,backend_ready,chat_only,slowtrack_tts_ms,4000,826.088,832.928,768.576,897.652,993.38,493.355,1107.99
neutral_random,current_prompt,backend_ready,donation_mix,donation_emotion_motion_ms,1764,0.012,0.011,0.01,0.012,0.014,0.009,0.014
neutral_random,current_prompt,backend_ready,donation_mix,donation_readout_tts_ms,1764,455.856,451.836,403.297,515.481,561.6,365.433,561.6
neutral_random,current_prompt,backend_ready,donation_mix,emotion_motion_payload_ms,4000,0.0,0.0,0.0,0.0,0.0,0.0,0.0
neutral_random,current_prompt,backend_ready,donation_mix,fasttrack_analysis_ms,4000,12.774,13.029,11.757,14.348,15.311,10.574,15.311
neutral_random,current_prompt,backend_ready,donation_mix,fasttrack_audio_lookup_ms,4000,1.806,1.624,1.536,2.004,3.278,1.389,3.278
neutral_random,current_prompt,backend_ready,donation_mix,frontend_audio_overhead_ms,4000,3.713,3.579,2.494,4.862,6.633,0.072,7.924
neutral_random,current_prompt,backend_ready,donation_mix,latency_cover_plan_ms,4000,0.0,0.0,0.0,0.0,0.0,0.0,0.0
neutral_random,current_prompt,backend_ready,donation_mix,slowtrack_llm_ms,4000,1473.572,1481.778,1380.073,1573.238,1683.495,1033.213,1887.15
neutral_random,current_prompt,backend_ready,donation_mix,slowtrack_tts_ms,4000,829.047,833.683,770.55,900.004,996.275,496.581,1148.537
neutral_random,current_prompt,capture_stress,chat_only,emotion_motion_payload_ms,4000,0.0,0.0,0.0,0.0,0.0,0.0,0.0
neutral_random,current_prompt,capture_stress,chat_only,fasttrack_analysis_ms,4000,12.768,13.029,11.757,14.348,15.311,10.574,15.311
neutral_random,current_prompt,capture_stress,chat_only,fasttrack_audio_lookup_ms,4000,1.79,1.587,1.505,1.993,3.278,1.389,3.278
neutral_random,current_prompt,capture_stress,chat_only,frontend_audio_overhead_ms,4000,171.023,167.064,140.373,200.071,245.358,81.888,278.948
neutral_random,current_prompt,capture_stress,chat_only,latency_cover_plan_ms,4000,0.0,0.0,0.0,0.0,0.0,0.0,0.0
neutral_random,current_prompt,capture_stress,chat_only,slowtrack_llm_ms,4000,1474.5,1483.03,1377.396,1573.223,1687.358,1053.483,1894.544
neutral_random,current_prompt,capture_stress,chat_only,slowtrack_tts_ms,4000,825.527,833.004,770.283,898.633,995.818,461.684,1128.103
neutral_random,current_prompt,capture_stress,donation_mix,donation_emotion_motion_ms,1819,0.012,0.012,0.011,0.014,0.014,0.009,0.014
neutral_random,current_prompt,capture_stress,donation_mix,donation_readout_tts_ms,1819,458.13,451.836,407.984,520.23,561.6,365.433,561.6
neutral_random,current_prompt,capture_stress,donation_mix,emotion_motion_payload_ms,4000,0.0,0.0,0.0,0.0,0.0,0.0,0.0
neutral_random,current_prompt,capture_stress,donation_mix,fasttrack_analysis_ms,4000,12.725,12.801,11.654,13.478,15.311,10.574,15.311
neutral_random,current_prompt,capture_stress,donation_mix,fasttrack_audio_lookup_ms,4000,1.791,1.587,1.536,1.989,3.278,1.389,3.278
neutral_random,current_prompt,capture_stress,donation_mix,frontend_audio_overhead_ms,4000,170.624,166.55,139.499,200.1,245.906,81.857,278.867
neutral_random,current_prompt,capture_stress,donation_mix,latency_cover_plan_ms,4000,0.0,0.0,0.0,0.0,0.0,0.0,0.0
neutral_random,current_prompt,capture_stress,donation_mix,slowtrack_llm_ms,4000,1470.059,1476.687,1377.619,1566.747,1686.576,1044.108,1884.034
neutral_random,current_prompt,capture_stress,donation_mix,slowtrack_tts_ms,4000,829.078,828.817,772.316,899.05,1002.328,476.835,1147.162
neutral_random,current_prompt,local_browser,chat_only,emotion_motion_payload_ms,4000,0.0,0.0,0.0,0.0,0.0,0.0,0.0
neutral_random,current_prompt,local_browser,chat_only,fasttrack_analysis_ms,4000,12.726,12.801,11.345,13.478,15.311,10.574,15.311
neutral_random,current_prompt,local_browser,chat_only,fasttrack_audio_lookup_ms,4000,1.804,1.587,1.505,2.004,3.278,1.389,3.278
neutral_random,current_prompt,local_browser,chat_only,frontend_audio_overhead_ms,4000,52.183,51.013,41.379,62.536,77.641,20.505,89.574
neutral_random,current_prompt,local_browser,chat_only,latency_cover_plan_ms,4000,0.0,0.0,0.0,0.0,0.0,0.0,0.0
neutral_random,current_prompt,local_browser,chat_only,slowtrack_llm_ms,4000,1471.145,1477.255,1372.462,1571.153,1689.436,1087.109,1958.723
neutral_random,current_prompt,local_browser,chat_only,slowtrack_tts_ms,4000,824.855,831.398,768.61,894.493,993.862,474.152,1120.14
neutral_random,current_prompt,local_browser,donation_mix,donation_emotion_motion_ms,1757,0.012,0.011,0.01,0.014,0.014,0.009,0.014
neutral_random,current_prompt,local_browser,donation_mix,donation_readout_tts_ms,1757,456.768,431.31,403.297,515.481,561.6,365.433,561.6
neutral_random,current_prompt,local_browser,donation_mix,emotion_motion_payload_ms,4000,0.0,0.0,0.0,0.0,0.0,0.0,0.0
neutral_random,current_prompt,local_browser,donation_mix,fasttrack_analysis_ms,4000,12.718,12.801,11.345,13.478,15.311,10.574,15.311
neutral_random,current_prompt,local_browser,donation_mix,fasttrack_audio_lookup_ms,4000,1.792,1.587,1.505,1.989,3.278,1.389,3.278
neutral_random,current_prompt,local_browser,donation_mix,frontend_audio_overhead_ms,4000,51.494,49.966,40.726,61.571,77.309,20.433,88.933
neutral_random,current_prompt,local_browser,donation_mix,latency_cover_plan_ms,4000,0.0,0.0,0.0,0.0,0.0,0.0,0.0
neutral_random,current_prompt,local_browser,donation_mix,slowtrack_llm_ms,4000,1470.871,1480.968,1372.442,1568.369,1684.882,1019.065,1946.438
neutral_random,current_prompt,local_browser,donation_mix,slowtrack_tts_ms,4000,823.57,830.347,768.156,895.523,993.39,485.114,1140.102
neutral_random,expanded_memory,backend_ready,chat_only,emotion_motion_payload_ms,4000,0.0,0.0,0.0,0.0,0.0,0.0,0.0
neutral_random,expanded_memory,backend_ready,chat_only,fasttrack_analysis_ms,4000,12.721,12.801,11.345,13.478,15.311,10.574,15.311
neutral_random,expanded_memory,backend_ready,chat_only,fasttrack_audio_lookup_ms,4000,1.805,1.624,1.536,2.004,3.278,1.389,3.278
neutral_random,expanded_memory,backend_ready,chat_only,frontend_audio_overhead_ms,4000,3.667,3.539,2.476,4.85,6.58,0.109,7.848
neutral_random,expanded_memory,backend_ready,chat_only,latency_cover_plan_ms,4000,0.0,0.0,0.0,0.0,0.0,0.0,0.0
neutral_random,expanded_memory,backend_ready,chat_only,slowtrack_llm_ms,4000,2355.457,2369.339,2196.731,2513.336,2706.328,1626.62,3053.151
neutral_random,expanded_memory,backend_ready,chat_only,slowtrack_tts_ms,4000,908.447,913.926,847.481,988.151,1094.761,524.152,1235.894
neutral_random,expanded_memory,backend_ready,donation_mix,donation_emotion_motion_ms,1839,0.012,0.012,0.01,0.012,0.014,0.009,0.014
neutral_random,expanded_memory,backend_ready,donation_mix,donation_readout_tts_ms,1839,456.454,431.31,403.297,520.23,561.6,365.433,561.6
neutral_random,expanded_memory,backend_ready,donation_mix,emotion_motion_payload_ms,4000,0.0,0.0,0.0,0.0,0.0,0.0,0.0
neutral_random,expanded_memory,backend_ready,donation_mix,fasttrack_analysis_ms,4000,12.735,13.029,11.345,13.478,15.311,10.574,15.311
neutral_random,expanded_memory,backend_ready,donation_mix,fasttrack_audio_lookup_ms,4000,1.791,1.624,1.536,1.989,3.278,1.389,3.278
neutral_random,expanded_memory,backend_ready,donation_mix,frontend_audio_overhead_ms,4000,3.669,3.537,2.444,4.834,6.625,0.073,7.925
neutral_random,expanded_memory,backend_ready,donation_mix,latency_cover_plan_ms,4000,0.0,0.0,0.0,0.0,0.0,0.0,0.0
neutral_random,expanded_memory,backend_ready,donation_mix,slowtrack_llm_ms,4000,2360.225,2372.91,2207.14,2515.801,2703.781,1718.524,3002.332
neutral_random,expanded_memory,backend_ready,donation_mix,slowtrack_tts_ms,4000,905.563,912.166,843.671,988.318,1092.18,515.992,1263.658
neutral_random,expanded_memory,capture_stress,chat_only,emotion_motion_payload_ms,4000,0.0,0.0,0.0,0.0,0.0,0.0,0.0
neutral_random,expanded_memory,capture_stress,chat_only,fasttrack_analysis_ms,4000,12.789,13.029,11.757,14.348,15.311,10.574,15.311
neutral_random,expanded_memory,capture_stress,chat_only,fasttrack_audio_lookup_ms,4000,1.806,1.624,1.536,2.004,3.278,1.389,3.278
neutral_random,expanded_memory,capture_stress,chat_only,frontend_audio_overhead_ms,4000,170.491,166.869,139.356,200.159,244.489,80.869,279.717
neutral_random,expanded_memory,capture_stress,chat_only,latency_cover_plan_ms,4000,0.0,0.0,0.0,0.0,0.0,0.0,0.0
neutral_random,expanded_memory,capture_stress,chat_only,slowtrack_llm_ms,4000,2359.818,2375.073,2204.378,2513.8,2698.888,1690.925,3099.675
neutral_random,expanded_memory,capture_stress,chat_only,slowtrack_tts_ms,4000,906.497,911.746,844.436,988.744,1092.211,524.766,1275.926
neutral_random,expanded_memory,capture_stress,donation_mix,donation_emotion_motion_ms,1780,0.012,0.011,0.01,0.014,0.014,0.009,0.014
neutral_random,expanded_memory,capture_stress,donation_mix,donation_readout_tts_ms,1780,455.1,431.31,403.297,515.481,561.6,365.433,561.6
neutral_random,expanded_memory,capture_stress,donation_mix,emotion_motion_payload_ms,4000,0.0,0.0,0.0,0.0,0.0,0.0,0.0
neutral_random,expanded_memory,capture_stress,donation_mix,fasttrack_analysis_ms,4000,12.745,13.029,11.345,13.478,15.311,10.574,15.311
neutral_random,expanded_memory,capture_stress,donation_mix,fasttrack_audio_lookup_ms,4000,1.797,1.624,1.536,1.989,3.278,1.389,3.278
neutral_random,expanded_memory,capture_stress,donation_mix,frontend_audio_overhead_ms,4000,170.15,165.592,139.06,200.18,244.219,82.597,278.879
neutral_random,expanded_memory,capture_stress,donation_mix,latency_cover_plan_ms,4000,0.0,0.0,0.0,0.0,0.0,0.0,0.0
neutral_random,expanded_memory,capture_stress,donation_mix,slowtrack_llm_ms,4000,2358.206,2371.887,2205.449,2512.777,2694.766,1577.756,3076.219
neutral_random,expanded_memory,capture_stress,donation_mix,slowtrack_tts_ms,4000,909.064,914.756,851.066,988.032,1098.408,509.269,1242.74
neutral_random,expanded_memory,local_browser,chat_only,emotion_motion_payload_ms,4000,0.0,0.0,0.0,0.0,0.0,0.0,0.0
neutral_random,expanded_memory,local_browser,chat_only,fasttrack_analysis_ms,4000,12.777,13.029,11.345,14.348,15.311,10.574,15.311
neutral_random,expanded_memory,local_browser,chat_only,fasttrack_audio_lookup_ms,4000,1.807,1.624,1.505,2.004,3.278,1.389,3.278
neutral_random,expanded_memory,local_browser,chat_only,frontend_audio_overhead_ms,4000,51.255,49.87,40.328,61.775,76.332,20.225,88.852
neutral_random,expanded_memory,local_browser,chat_only,latency_cover_plan_ms,4000,0.0,0.0,0.0,0.0,0.0,0.0,0.0
neutral_random,expanded_memory,local_browser,chat_only,slowtrack_llm_ms,4000,2356.328,2371.767,2201.56,2509.354,2708.489,1734.021,3070.892
neutral_random,expanded_memory,local_browser,chat_only,slowtrack_tts_ms,4000,909.95,916.828,847.378,989.347,1097.369,533.994,1279.707
neutral_random,expanded_memory,local_browser,donation_mix,donation_emotion_motion_ms,1781,0.012,0.012,0.01,0.012,0.014,0.009,0.014
neutral_random,expanded_memory,local_browser,donation_mix,donation_readout_tts_ms,1781,456.845,431.31,403.297,520.23,561.6,365.433,561.6
neutral_random,expanded_memory,local_browser,donation_mix,emotion_motion_payload_ms,4000,0.0,0.0,0.0,0.0,0.0,0.0,0.0
neutral_random,expanded_memory,local_browser,donation_mix,fasttrack_analysis_ms,4000,12.762,13.029,11.757,14.348,15.311,10.574,15.311
neutral_random,expanded_memory,local_browser,donation_mix,fasttrack_audio_lookup_ms,4000,1.806,1.624,1.536,2.004,3.278,1.389,3.278
neutral_random,expanded_memory,local_browser,donation_mix,frontend_audio_overhead_ms,4000,51.424,50.1,40.793,61.598,77.484,21.077,89.562
neutral_random,expanded_memory,local_browser,donation_mix,latency_cover_plan_ms,4000,0.0,0.0,0.0,0.0,0.0,0.0,0.0
neutral_random,expanded_memory,local_browser,donation_mix,slowtrack_llm_ms,4000,2355.764,2371.367,2197.532,2509.971,2699.9,1614.34,2973.873
neutral_random,expanded_memory,local_browser,donation_mix,slowtrack_tts_ms,4000,909.234,917.295,846.501,990.607,1098.483,546.441,1274.783
neutral_random,heavy_context,backend_ready,chat_only,emotion_motion_payload_ms,4000,0.0,0.0,0.0,0.0,0.0,0.0,0.0
neutral_random,heavy_context,backend_ready,chat_only,fasttrack_analysis_ms,4000,12.778,13.029,11.757,14.348,15.311,10.574,15.311
neutral_random,heavy_context,backend_ready,chat_only,fasttrack_audio_lookup_ms,4000,1.799,1.587,1.505,2.004,3.278,1.389,3.278
neutral_random,heavy_context,backend_ready,chat_only,frontend_audio_overhead_ms,4000,3.648,3.458,2.39,4.816,6.622,0.055,7.928
neutral_random,heavy_context,backend_ready,chat_only,latency_cover_plan_ms,4000,0.0,0.0,0.0,0.0,0.0,0.0,0.0
neutral_random,heavy_context,backend_ready,chat_only,slowtrack_llm_ms,4000,3545.045,3567.077,3323.046,3779.256,4054.361,2537.986,4516.658
neutral_random,heavy_context,backend_ready,chat_only,slowtrack_tts_ms,4000,1032.657,1039.483,961.529,1121.349,1242.055,582.063,1428.542
neutral_random,heavy_context,backend_ready,donation_mix,donation_emotion_motion_ms,1795,0.012,0.011,0.011,0.012,0.014,0.009,0.014
neutral_random,heavy_context,backend_ready,donation_mix,donation_readout_tts_ms,1795,457.418,451.836,407.984,515.481,561.6,365.433,561.6
neutral_random,heavy_context,backend_ready,donation_mix,emotion_motion_payload_ms,4000,0.0,0.0,0.0,0.0,0.0,0.0,0.0
neutral_random,heavy_context,backend_ready,donation_mix,fasttrack_analysis_ms,4000,12.726,12.801,11.757,13.478,15.311,10.574,15.311
neutral_random,heavy_context,backend_ready,donation_mix,fasttrack_audio_lookup_ms,4000,1.795,1.587,1.536,1.989,3.278,1.389,3.278
neutral_random,heavy_context,backend_ready,donation_mix,frontend_audio_overhead_ms,4000,3.664,3.528,2.46,4.804,6.588,0.017,7.839
neutral_random,heavy_context,backend_ready,donation_mix,latency_cover_plan_ms,4000,0.0,0.0,0.0,0.0,0.0,0.0,0.0
neutral_random,heavy_context,backend_ready,donation_mix,slowtrack_llm_ms,4000,3534.435,3551.867,3305.445,3765.264,4047.694,2641.434,4520.875
neutral_random,heavy_context,backend_ready,donation_mix,slowtrack_tts_ms,4000,1034.679,1038.35,963.98,1123.89,1249.158,630.844,1433.235
neutral_random,heavy_context,capture_stress,chat_only,emotion_motion_payload_ms,4000,0.0,0.0,0.0,0.0,0.0,0.0,0.0
neutral_random,heavy_context,capture_stress,chat_only,fasttrack_analysis_ms,4000,12.776,12.801,11.757,14.348,15.311,10.574,15.311
neutral_random,heavy_context,capture_stress,chat_only,fasttrack_audio_lookup_ms,4000,1.805,1.624,1.536,2.004,3.278,1.389,3.278
neutral_random,heavy_context,capture_stress,chat_only,frontend_audio_overhead_ms,4000,170.241,166.225,139.727,199.675,244.233,82.954,279.205
neutral_random,heavy_context,capture_stress,chat_only,latency_cover_plan_ms,4000,0.0,0.0,0.0,0.0,0.0,0.0,0.0
neutral_random,heavy_context,capture_stress,chat_only,slowtrack_llm_ms,4000,3532.144,3546.143,3300.794,3769.188,4063.012,2540.542,4486.131
neutral_random,heavy_context,capture_stress,chat_only,slowtrack_tts_ms,4000,1028.688,1036.209,957.201,1120.118,1242.301,628.337,1425.292
neutral_random,heavy_context,capture_stress,donation_mix,donation_emotion_motion_ms,1767,0.012,0.012,0.01,0.012,0.014,0.009,0.014
neutral_random,heavy_context,capture_stress,donation_mix,donation_readout_tts_ms,1767,457.244,451.836,407.984,520.23,561.6,365.433,561.6
neutral_random,heavy_context,capture_stress,donation_mix,emotion_motion_payload_ms,4000,0.0,0.0,0.0,0.0,0.0,0.0,0.0
neutral_random,heavy_context,capture_stress,donation_mix,fasttrack_analysis_ms,4000,12.766,13.029,11.757,14.348,15.311,10.574,15.311
neutral_random,heavy_context,capture_stress,donation_mix,fasttrack_audio_lookup_ms,4000,1.798,1.587,1.505,1.989,3.278,1.389,3.278
neutral_random,heavy_context,capture_stress,donation_mix,frontend_audio_overhead_ms,4000,169.789,166.86,138.523,199.343,243.737,81.165,278.014
neutral_random,heavy_context,capture_stress,donation_mix,latency_cover_plan_ms,4000,0.0,0.0,0.0,0.0,0.0,0.0,0.0
neutral_random,heavy_context,capture_stress,donation_mix,slowtrack_llm_ms,4000,3523.215,3544.224,3281.878,3762.918,4050.944,2540.788,4600.547
neutral_random,heavy_context,capture_stress,donation_mix,slowtrack_tts_ms,4000,1030.84,1037.387,962.705,1119.585,1242.482,604.586,1522.693
neutral_random,heavy_context,local_browser,chat_only,emotion_motion_payload_ms,4000,0.0,0.0,0.0,0.0,0.0,0.0,0.0
neutral_random,heavy_context,local_browser,chat_only,fasttrack_analysis_ms,4000,12.805,13.029,11.757,14.348,15.311,10.574,15.311
neutral_random,heavy_context,local_browser,chat_only,fasttrack_audio_lookup_ms,4000,1.783,1.587,1.505,1.989,3.278,1.389,3.278
neutral_random,heavy_context,local_browser,chat_only,frontend_audio_overhead_ms,4000,51.642,50.183,40.987,61.668,77.313,20.942,89.175
neutral_random,heavy_context,local_browser,chat_only,latency_cover_plan_ms,4000,0.0,0.0,0.0,0.0,0.0,0.0,0.0
neutral_random,heavy_context,local_browser,chat_only,slowtrack_llm_ms,4000,3537.679,3562.269,3301.305,3770.137,4058.037,2550.815,4681.619
neutral_random,heavy_context,local_browser,chat_only,slowtrack_tts_ms,4000,1034.269,1041.282,961.848,1125.904,1241.728,595.546,1423.398
neutral_random,heavy_context,local_browser,donation_mix,donation_emotion_motion_ms,1828,0.012,0.012,0.01,0.014,0.014,0.009,0.014
neutral_random,heavy_context,local_browser,donation_mix,donation_readout_tts_ms,1828,459.235,451.836,407.984,520.23,561.6,365.433,561.6
neutral_random,heavy_context,local_browser,donation_mix,emotion_motion_payload_ms,4000,0.0,0.0,0.0,0.0,0.0,0.0,0.0
neutral_random,heavy_context,local_browser,donation_mix,fasttrack_analysis_ms,4000,12.76,13.029,11.757,14.348,15.311,10.574,15.311
neutral_random,heavy_context,local_browser,donation_mix,fasttrack_audio_lookup_ms,4000,1.793,1.587,1.505,1.989,3.278,1.389,3.278
neutral_random,heavy_context,local_browser,donation_mix,frontend_audio_overhead_ms,4000,51.497,50.322,40.95,61.501,76.595,20.093,89.462
neutral_random,heavy_context,local_browser,donation_mix,latency_cover_plan_ms,4000,0.0,0.0,0.0,0.0,0.0,0.0,0.0
neutral_random,heavy_context,local_browser,donation_mix,slowtrack_llm_ms,4000,3532.362,3556.08,3295.522,3763.49,4048.227,2565.614,4716.998
neutral_random,heavy_context,local_browser,donation_mix,slowtrack_tts_ms,4000,1034.023,1039.928,963.991,1121.211,1244.04,559.903,1432.767
neutral_random,stress_context,backend_ready,chat_only,emotion_motion_payload_ms,4000,0.0,0.0,0.0,0.0,0.0,0.0,0.0
neutral_random,stress_context,backend_ready,chat_only,fasttrack_analysis_ms,4000,12.803,13.029,11.757,14.348,15.311,10.574,15.311
neutral_random,stress_context,backend_ready,chat_only,fasttrack_audio_lookup_ms,4000,1.797,1.587,1.505,1.989,3.278,1.389,3.278
neutral_random,stress_context,backend_ready,chat_only,frontend_audio_overhead_ms,4000,3.65,3.526,2.438,4.822,6.524,0.078,7.906
neutral_random,stress_context,backend_ready,chat_only,latency_cover_plan_ms,4000,0.0,0.0,0.0,0.0,0.0,0.0,0.0
neutral_random,stress_context,backend_ready,chat_only,slowtrack_llm_ms,4000,5016.696,5047.193,4689.541,5348.414,5744.059,3427.158,6357.179
neutral_random,stress_context,backend_ready,chat_only,slowtrack_tts_ms,4000,1159.63,1168.999,1079.106,1260.766,1399.269,680.385,1594.817
neutral_random,stress_context,backend_ready,donation_mix,donation_emotion_motion_ms,1810,0.012,0.011,0.011,0.012,0.014,0.009,0.014
neutral_random,stress_context,backend_ready,donation_mix,donation_readout_tts_ms,1810,458.467,431.31,407.984,520.23,561.6,365.433,561.6
neutral_random,stress_context,backend_ready,donation_mix,emotion_motion_payload_ms,4000,0.0,0.0,0.0,0.0,0.0,0.0,0.0
neutral_random,stress_context,backend_ready,donation_mix,fasttrack_analysis_ms,4000,12.799,13.029,11.757,14.348,15.311,10.574,15.311
neutral_random,stress_context,backend_ready,donation_mix,fasttrack_audio_lookup_ms,4000,1.8,1.587,1.505,2.004,3.278,1.389,3.278
neutral_random,stress_context,backend_ready,donation_mix,frontend_audio_overhead_ms,4000,3.667,3.545,2.45,4.814,6.617,0.072,7.869
neutral_random,stress_context,backend_ready,donation_mix,latency_cover_plan_ms,4000,0.0,0.0,0.0,0.0,0.0,0.0,0.0
neutral_random,stress_context,backend_ready,donation_mix,slowtrack_llm_ms,4000,5008.296,5025.594,4671.356,5349.459,5747.597,3377.124,6420.908
neutral_random,stress_context,backend_ready,donation_mix,slowtrack_tts_ms,4000,1151.962,1159.923,1076.35,1252.335,1389.115,682.194,1622.912
neutral_random,stress_context,capture_stress,chat_only,emotion_motion_payload_ms,4000,0.0,0.0,0.0,0.0,0.0,0.0,0.0
neutral_random,stress_context,capture_stress,chat_only,fasttrack_analysis_ms,4000,12.789,13.029,11.757,14.348,15.311,10.574,15.311
neutral_random,stress_context,capture_stress,chat_only,fasttrack_audio_lookup_ms,4000,1.801,1.624,1.505,2.004,3.278,1.389,3.278
neutral_random,stress_context,capture_stress,chat_only,frontend_audio_overhead_ms,4000,171.342,167.482,140.747,199.923,245.032,81.465,279.858
neutral_random,stress_context,capture_stress,chat_only,latency_cover_plan_ms,4000,0.0,0.0,0.0,0.0,0.0,0.0,0.0
neutral_random,stress_context,capture_stress,chat_only,slowtrack_llm_ms,4000,5013.904,5043.041,4685.227,5350.948,5729.899,3552.923,6548.41
neutral_random,stress_context,capture_stress,chat_only,slowtrack_tts_ms,4000,1155.475,1162.406,1077.061,1255.293,1393.998,698.446,1567.691
neutral_random,stress_context,capture_stress,donation_mix,donation_emotion_motion_ms,1802,0.012,0.012,0.011,0.014,0.014,0.009,0.014
neutral_random,stress_context,capture_stress,donation_mix,donation_readout_tts_ms,1802,455.102,431.31,407.984,515.481,561.6,365.433,561.6
neutral_random,stress_context,capture_stress,donation_mix,emotion_motion_payload_ms,4000,0.0,0.0,0.0,0.0,0.0,0.0,0.0
neutral_random,stress_context,capture_stress,donation_mix,fasttrack_analysis_ms,4000,12.756,12.801,11.757,13.478,15.311,10.574,15.311
neutral_random,stress_context,capture_stress,donation_mix,fasttrack_audio_lookup_ms,4000,1.8,1.624,1.536,2.004,3.278,1.389,3.278
neutral_random,stress_context,capture_stress,donation_mix,frontend_audio_overhead_ms,4000,169.818,165.613,139.071,199.132,242.957,80.16,279.33
neutral_random,stress_context,capture_stress,donation_mix,latency_cover_plan_ms,4000,0.0,0.0,0.0,0.0,0.0,0.0,0.0
neutral_random,stress_context,capture_stress,donation_mix,slowtrack_llm_ms,4000,5011.624,5039.013,4685.986,5340.776,5736.077,3633.938,6352.395
neutral_random,stress_context,capture_stress,donation_mix,slowtrack_tts_ms,4000,1157.949,1165.385,1079.215,1258.324,1394.778,668.343,1584.046
neutral_random,stress_context,local_browser,chat_only,emotion_motion_payload_ms,4000,0.0,0.0,0.0,0.0,0.0,0.0,0.0
neutral_random,stress_context,local_browser,chat_only,fasttrack_analysis_ms,4000,12.768,13.029,11.757,13.478,15.311,10.574,15.311
neutral_random,stress_context,local_browser,chat_only,fasttrack_audio_lookup_ms,4000,1.787,1.587,1.505,1.989,3.278,1.389,3.278
neutral_random,stress_context,local_browser,chat_only,frontend_audio_overhead_ms,4000,52.062,51.014,41.458,62.646,77.666,20.812,89.099
neutral_random,stress_context,local_browser,chat_only,latency_cover_plan_ms,4000,0.0,0.0,0.0,0.0,0.0,0.0,0.0
neutral_random,stress_context,local_browser,chat_only,slowtrack_llm_ms,4000,5001.222,5030.932,4664.789,5337.954,5741.909,3491.751,6404.867
neutral_random,stress_context,local_browser,chat_only,slowtrack_tts_ms,4000,1160.354,1166.548,1081.212,1255.535,1397.502,646.732,1620.534
neutral_random,stress_context,local_browser,donation_mix,donation_emotion_motion_ms,1739,0.012,0.011,0.01,0.012,0.014,0.009,0.014
neutral_random,stress_context,local_browser,donation_mix,donation_readout_tts_ms,1739,456.643,431.31,403.297,515.481,561.6,365.433,561.6
neutral_random,stress_context,local_browser,donation_mix,emotion_motion_payload_ms,4000,0.0,0.0,0.0,0.0,0.0,0.0,0.0
neutral_random,stress_context,local_browser,donation_mix,fasttrack_analysis_ms,4000,12.802,13.029,11.757,14.348,15.311,10.574,15.311
neutral_random,stress_context,local_browser,donation_mix,fasttrack_audio_lookup_ms,4000,1.788,1.587,1.505,1.989,3.278,1.389,3.278
neutral_random,stress_context,local_browser,donation_mix,frontend_audio_overhead_ms,4000,51.293,49.807,40.599,61.241,77.087,20.087,89.481
neutral_random,stress_context,local_browser,donation_mix,latency_cover_plan_ms,4000,0.0,0.0,0.0,0.0,0.0,0.0,0.0
neutral_random,stress_context,local_browser,donation_mix,slowtrack_llm_ms,4000,5008.9,5032.798,4685.842,5337.512,5746.996,3436.323,6389.773
neutral_random,stress_context,local_browser,donation_mix,slowtrack_tts_ms,4000,1153.481,1162.974,1076.582,1251.836,1385.544,687.61,1598.688
response_act_only,current_prompt,backend_ready,chat_only,emotion_motion_payload_ms,4000,0.0,0.0,0.0,0.0,0.0,0.0,0.0
response_act_only,current_prompt,backend_ready,chat_only,fasttrack_analysis_ms,4000,10.115,9.783,8.044,12.517,16.601,6.161,16.601
response_act_only,current_prompt,backend_ready,chat_only,fasttrack_audio_lookup_ms,4000,2.312,2.33,2.08,2.41,3.461,1.592,3.461
response_act_only,current_prompt,backend_ready,chat_only,frontend_audio_overhead_ms,4000,3.649,3.532,2.44,4.836,6.517,0.041,7.918
response_act_only,current_prompt,backend_ready,chat_only,latency_cover_plan_ms,4000,0.0,0.0,0.0,0.0,0.0,0.0,0.0
response_act_only,current_prompt,backend_ready,chat_only,slowtrack_llm_ms,4000,1429.055,1428.068,1353.907,1502.991,1619.717,986.104,1836.796
response_act_only,current_prompt,backend_ready,chat_only,slowtrack_tts_ms,4000,775.882,796.745,648.203,886.004,973.504,481.665,1086.408
response_act_only,current_prompt,backend_ready,donation_mix,donation_emotion_motion_ms,1789,0.014,0.015,0.01,0.016,0.018,0.009,0.018
response_act_only,current_prompt,backend_ready,donation_mix,donation_readout_tts_ms,1789,475.499,460.559,449.173,469.94,604.099,402.936,604.099
response_act_only,current_prompt,backend_ready,donation_mix,emotion_motion_payload_ms,4000,0.0,0.0,0.0,0.0,0.0,0.0,0.0
response_act_only,current_prompt,backend_ready,donation_mix,fasttrack_analysis_ms,4000,10.064,9.585,7.289,12.517,16.601,6.161,16.601
response_act_only,current_prompt,backend_ready,donation_mix,fasttrack_audio_lookup_ms,4000,2.301,2.158,1.847,2.41,3.461,1.592,3.461
response_act_only,current_prompt,backend_ready,donation_mix,frontend_audio_overhead_ms,4000,3.677,3.542,2.46,4.846,6.62,0.054,7.889
response_act_only,current_prompt,backend_ready,donation_mix,latency_cover_plan_ms,4000,0.0,0.0,0.0,0.0,0.0,0.0,0.0
response_act_only,current_prompt,backend_ready,donation_mix,slowtrack_llm_ms,4000,1429.355,1428.367,1356.059,1502.977,1616.559,1043.916,1832.41
response_act_only,current_prompt,backend_ready,donation_mix,slowtrack_tts_ms,4000,773.605,798.53,645.735,880.882,964.283,465.552,1087.557
response_act_only,current_prompt,capture_stress,chat_only,emotion_motion_payload_ms,4000,0.0,0.0,0.0,0.0,0.0,0.0,0.0
response_act_only,current_prompt,capture_stress,chat_only,fasttrack_analysis_ms,4000,9.94,9.585,7.289,10.449,16.601,6.161,16.601
response_act_only,current_prompt,capture_stress,chat_only,fasttrack_audio_lookup_ms,4000,2.304,2.158,2.08,2.41,3.461,1.592,3.461
response_act_only,current_prompt,capture_stress,chat_only,frontend_audio_overhead_ms,4000,171.528,168.501,139.715,201.091,246.32,82.823,278.649
response_act_only,current_prompt,capture_stress,chat_only,latency_cover_plan_ms,4000,0.0,0.0,0.0,0.0,0.0,0.0,0.0
response_act_only,current_prompt,capture_stress,chat_only,slowtrack_llm_ms,4000,1429.87,1431.807,1357.918,1500.702,1618.777,1047.244,1890.106
response_act_only,current_prompt,capture_stress,chat_only,slowtrack_tts_ms,4000,778.476,800.245,652.666,887.641,968.797,465.564,1084.59
response_act_only,current_prompt,capture_stress,donation_mix,donation_emotion_motion_ms,1841,0.014,0.015,0.01,0.016,0.018,0.009,0.018
response_act_only,current_prompt,capture_stress,donation_mix,donation_readout_tts_ms,1841,476.114,460.559,449.173,469.94,604.099,402.936,604.099
response_act_only,current_prompt,capture_stress,donation_mix,emotion_motion_payload_ms,4000,0.0,0.0,0.0,0.0,0.0,0.0,0.0
response_act_only,current_prompt,capture_stress,donation_mix,fasttrack_analysis_ms,4000,10.113,9.783,8.044,12.517,16.601,6.161,16.601
response_act_only,current_prompt,capture_stress,donation_mix,fasttrack_audio_lookup_ms,4000,2.318,2.33,1.847,2.568,3.461,1.592,3.461
response_act_only,current_prompt,capture_stress,donation_mix,frontend_audio_overhead_ms,4000,169.035,164.815,139.272,197.296,243.365,80.739,276.732
response_act_only,current_prompt,capture_stress,donation_mix,latency_cover_plan_ms,4000,0.0,0.0,0.0,0.0,0.0,0.0,0.0
response_act_only,current_prompt,capture_stress,donation_mix,slowtrack_llm_ms,4000,1428.684,1428.382,1355.264,1500.608,1613.666,1101.271,1812.843
response_act_only,current_prompt,capture_stress,donation_mix,slowtrack_tts_ms,4000,778.563,802.957,653.515,886.327,973.24,475.5,1103.624
response_act_only,current_prompt,local_browser,chat_only,emotion_motion_payload_ms,4000,0.0,0.0,0.0,0.0,0.0,0.0,0.0
response_act_only,current_prompt,local_browser,chat_only,fasttrack_analysis_ms,4000,10.025,9.783,7.289,10.449,16.601,6.161,16.601
response_act_only,current_prompt,local_browser,chat_only,fasttrack_audio_lookup_ms,4000,2.306,2.33,1.847,2.568,3.461,1.592,3.461
response_act_only,current_prompt,local_browser,chat_only,frontend_audio_overhead_ms,4000,52.097,51.134,41.154,62.805,77.497,20.834,89.358
response_act_only,current_prompt,local_browser,chat_only,latency_cover_plan_ms,4000,0.0,0.0,0.0,0.0,0.0,0.0,0.0
response_act_only,current_prompt,local_browser,chat_only,slowtrack_llm_ms,4000,1427.464,1428.947,1352.405,1504.122,1616.048,1005.569,1848.86
response_act_only,current_prompt,local_browser,chat_only,slowtrack_tts_ms,4000,778.57,804.472,655.44,882.232,967.479,486.731,1085.29
response_act_only,current_prompt,local_browser,donation_mix,donation_emotion_motion_ms,1791,0.014,0.015,0.01,0.016,0.018,0.009,0.018
response_act_only,current_prompt,local_browser,donation_mix,donation_readout_tts_ms,1791,475.277,460.559,449.173,469.94,604.099,402.936,604.099
response_act_only,current_prompt,local_browser,donation_mix,emotion_motion_payload_ms,4000,0.0,0.0,0.0,0.0,0.0,0.0,0.0
response_act_only,current_prompt,local_browser,donation_mix,fasttrack_analysis_ms,4000,10.138,9.783,8.044,12.517,16.601,6.161,16.601
response_act_only,current_prompt,local_browser,donation_mix,fasttrack_audio_lookup_ms,4000,2.299,2.158,1.847,2.41,3.461,1.592,3.461
response_act_only,current_prompt,local_browser,donation_mix,frontend_audio_overhead_ms,4000,51.793,50.343,41.374,62.143,77.31,20.914,89.53
response_act_only,current_prompt,local_browser,donation_mix,latency_cover_plan_ms,4000,0.0,0.0,0.0,0.0,0.0,0.0,0.0
response_act_only,current_prompt,local_browser,donation_mix,slowtrack_llm_ms,4000,1431.21,1430.821,1353.854,1505.168,1616.03,1056.321,1822.74
response_act_only,current_prompt,local_browser,donation_mix,slowtrack_tts_ms,4000,778.092,797.96,650.989,887.412,970.078,471.69,1106.452
response_act_only,expanded_memory,backend_ready,chat_only,emotion_motion_payload_ms,4000,0.0,0.0,0.0,0.0,0.0,0.0,0.0
response_act_only,expanded_memory,backend_ready,chat_only,fasttrack_analysis_ms,4000,10.041,9.585,8.044,10.449,16.601,6.161,16.601
response_act_only,expanded_memory,backend_ready,chat_only,fasttrack_audio_lookup_ms,4000,2.297,2.158,1.847,2.41,3.461,1.592,3.461
response_act_only,expanded_memory,backend_ready,chat_only,frontend_audio_overhead_ms,4000,3.647,3.5,2.442,4.786,6.523,0.062,7.858
response_act_only,expanded_memory,backend_ready,chat_only,latency_cover_plan_ms,4000,0.0,0.0,0.0,0.0,0.0,0.0,0.0
response_act_only,expanded_memory,backend_ready,chat_only,slowtrack_llm_ms,4000,2289.251,2288.239,2169.03,2405.161,2592.358,1659.47,2985.742
response_act_only,expanded_memory,backend_ready,chat_only,slowtrack_tts_ms,4000,855.776,880.174,717.137,976.889,1064.673,528.257,1182.923
response_act_only,expanded_memory,backend_ready,donation_mix,donation_emotion_motion_ms,1799,0.014,0.015,0.01,0.016,0.018,0.009,0.018
response_act_only,expanded_memory,backend_ready,donation_mix,donation_readout_tts_ms,1799,476.888,460.559,449.173,469.94,604.099,402.936,604.099
response_act_only,expanded_memory,backend_ready,donation_mix,emotion_motion_payload_ms,4000,0.0,0.0,0.0,0.0,0.0,0.0,0.0
response_act_only,expanded_memory,backend_ready,donation_mix,fasttrack_analysis_ms,4000,10.061,9.783,8.044,12.517,16.601,6.161,16.601
response_act_only,expanded_memory,backend_ready,donation_mix,fasttrack_audio_lookup_ms,4000,2.302,2.33,1.847,2.41,3.461,1.592,3.461
response_act_only,expanded_memory,backend_ready,donation_mix,frontend_audio_overhead_ms,4000,3.68,3.534,2.498,4.811,6.586,0.128,7.889
response_act_only,expanded_memory,backend_ready,donation_mix,latency_cover_plan_ms,4000,0.0,0.0,0.0,0.0,0.0,0.0,0.0
response_act_only,expanded_memory,backend_ready,donation_mix,slowtrack_llm_ms,4000,2282.75,2286.539,2166.614,2401.885,2573.011,1629.758,3054.429
response_act_only,expanded_memory,backend_ready,donation_mix,slowtrack_tts_ms,4000,851.403,878.115,706.604,970.565,1064.998,482.595,1197.539
response_act_only,expanded_memory,capture_stress,chat_only,emotion_motion_payload_ms,4000,0.0,0.0,0.0,0.0,0.0,0.0,0.0
response_act_only,expanded_memory,capture_stress,chat_only,fasttrack_analysis_ms,4000,9.973,9.585,7.289,10.449,16.601,6.161,16.601
response_act_only,expanded_memory,capture_stress,chat_only,fasttrack_audio_lookup_ms,4000,2.289,2.158,1.847,2.41,3.461,1.592,3.461
response_act_only,expanded_memory,capture_stress,chat_only,frontend_audio_overhead_ms,4000,170.626,166.399,139.652,200.146,245.276,80.923,278.676
response_act_only,expanded_memory,capture_stress,chat_only,latency_cover_plan_ms,4000,0.0,0.0,0.0,0.0,0.0,0.0,0.0
response_act_only,expanded_memory,capture_stress,chat_only,slowtrack_llm_ms,4000,2285.749,2290.533,2164.505,2402.102,2591.151,1680.837,2930.856
response_act_only,expanded_memory,capture_stress,chat_only,slowtrack_tts_ms,4000,851.461,876.779,709.229,970.562,1063.033,503.911,1286.721
response_act_only,expanded_memory,capture_stress,donation_mix,donation_emotion_motion_ms,1827,0.014,0.015,0.01,0.016,0.018,0.009,0.018
response_act_only,expanded_memory,capture_stress,donation_mix,donation_readout_tts_ms,1827,477.27,460.559,449.173,469.94,604.099,402.936,604.099
response_act_only,expanded_memory,capture_stress,donation_mix,emotion_motion_payload_ms,4000,0.0,0.0,0.0,0.0,0.0,0.0,0.0
response_act_only,expanded_memory,capture_stress,donation_mix,fasttrack_analysis_ms,4000,10.111,9.783,8.044,12.517,16.601,6.161,16.601
response_act_only,expanded_memory,capture_stress,donation_mix,fasttrack_audio_lookup_ms,4000,2.296,2.158,1.847,2.568,3.461,1.592,3.461
response_act_only,expanded_memory,capture_stress,donation_mix,frontend_audio_overhead_ms,4000,170.246,166.327,139.501,199.081,244.842,82.977,277.068
response_act_only,expanded_memory,capture_stress,donation_mix,latency_cover_plan_ms,4000,0.0,0.0,0.0,0.0,0.0,0.0,0.0
response_act_only,expanded_memory,capture_stress,donation_mix,slowtrack_llm_ms,4000,2287.486,2290.591,2170.584,2405.059,2582.194,1649.88,2912.41
response_act_only,expanded_memory,capture_stress,donation_mix,slowtrack_tts_ms,4000,858.203,885.045,718.348,974.671,1067.874,514.909,1195.793
response_act_only,expanded_memory,local_browser,chat_only,emotion_motion_payload_ms,4000,0.0,0.0,0.0,0.0,0.0,0.0,0.0
response_act_only,expanded_memory,local_browser,chat_only,fasttrack_analysis_ms,4000,10.012,9.585,7.289,10.449,16.601,6.161,16.601
response_act_only,expanded_memory,local_browser,chat_only,fasttrack_audio_lookup_ms,4000,2.308,2.158,2.08,2.568,3.461,1.592,3.461
response_act_only,expanded_memory,local_browser,chat_only,frontend_audio_overhead_ms,4000,52.025,50.82,41.116,62.525,78.027,20.81,89.619
response_act_only,expanded_memory,local_browser,chat_only,latency_cover_plan_ms,4000,0.0,0.0,0.0,0.0,0.0,0.0,0.0
response_act_only,expanded_memory,local_browser,chat_only,slowtrack_llm_ms,4000,2288.179,2287.723,2174.769,2410.597,2580.798,1704.836,2911.51
response_act_only,expanded_memory,local_browser,chat_only,slowtrack_tts_ms,4000,849.044,869.793,702.873,970.14,1064.47,537.083,1213.518
response_act_only,expanded_memory,local_browser,donation_mix,donation_emotion_motion_ms,1815,0.014,0.015,0.01,0.016,0.018,0.009,0.018
response_act_only,expanded_memory,local_browser,donation_mix,donation_readout_tts_ms,1815,477.943,460.559,449.173,469.94,604.099,402.936,604.099
response_act_only,expanded_memory,local_browser,donation_mix,emotion_motion_payload_ms,4000,0.0,0.0,0.0,0.0,0.0,0.0,0.0
response_act_only,expanded_memory,local_browser,donation_mix,fasttrack_analysis_ms,4000,10.088,9.783,8.044,12.517,16.601,6.161,16.601
response_act_only,expanded_memory,local_browser,donation_mix,fasttrack_audio_lookup_ms,4000,2.309,2.158,1.847,2.568,3.461,1.592,3.461
response_act_only,expanded_memory,local_browser,donation_mix,frontend_audio_overhead_ms,4000,51.486,50.007,40.713,61.447,77.499,20.782,88.434
response_act_only,expanded_memory,local_browser,donation_mix,latency_cover_plan_ms,4000,0.0,0.0,0.0,0.0,0.0,0.0,0.0
response_act_only,expanded_memory,local_browser,donation_mix,slowtrack_llm_ms,4000,2291.608,2289.864,2176.128,2405.895,2597.001,1648.062,2867.503
response_act_only,expanded_memory,local_browser,donation_mix,slowtrack_tts_ms,4000,850.228,875.64,705.284,970.352,1067.196,529.136,1225.191
response_act_only,heavy_context,backend_ready,chat_only,emotion_motion_payload_ms,4000,0.0,0.0,0.0,0.0,0.0,0.0,0.0
response_act_only,heavy_context,backend_ready,chat_only,fasttrack_analysis_ms,4000,10.057,9.783,7.289,12.517,16.601,6.161,16.601
response_act_only,heavy_context,backend_ready,chat_only,fasttrack_audio_lookup_ms,4000,2.314,2.33,2.08,2.568,3.461,1.592,3.461
response_act_only,heavy_context,backend_ready,chat_only,frontend_audio_overhead_ms,4000,3.663,3.518,2.42,4.855,6.601,0.12,7.947
response_act_only,heavy_context,backend_ready,chat_only,latency_cover_plan_ms,4000,0.0,0.0,0.0,0.0,0.0,0.0,0.0
response_act_only,heavy_context,backend_ready,chat_only,slowtrack_llm_ms,4000,3433.595,3433.604,3258.701,3607.892,3883.741,2573.488,4506.698
response_act_only,heavy_context,backend_ready,chat_only,slowtrack_tts_ms,4000,969.006,996.25,807.719,1105.535,1210.971,594.111,1350.896
response_act_only,heavy_context,backend_ready,donation_mix,donation_emotion_motion_ms,1784,0.014,0.015,0.01,0.016,0.018,0.009,0.018
response_act_only,heavy_context,backend_ready,donation_mix,donation_readout_tts_ms,1784,477.332,460.559,449.173,469.94,604.099,402.936,604.099
response_act_only,heavy_context,backend_ready,donation_mix,emotion_motion_payload_ms,4000,0.0,0.0,0.0,0.0,0.0,0.0,0.0
response_act_only,heavy_context,backend_ready,donation_mix,fasttrack_analysis_ms,4000,10.057,9.585,8.044,10.449,16.601,6.161,16.601
response_act_only,heavy_context,backend_ready,donation_mix,fasttrack_audio_lookup_ms,4000,2.317,2.33,2.08,2.568,3.461,1.592,3.461
response_act_only,heavy_context,backend_ready,donation_mix,frontend_audio_overhead_ms,4000,3.628,3.487,2.376,4.801,6.589,0.04,7.987
response_act_only,heavy_context,backend_ready,donation_mix,latency_cover_plan_ms,4000,0.0,0.0,0.0,0.0,0.0,0.0,0.0
response_act_only,heavy_context,backend_ready,donation_mix,slowtrack_llm_ms,4000,3428.03,3431.114,3245.2,3608.786,3885.75,2533.179,4516.481
response_act_only,heavy_context,backend_ready,donation_mix,slowtrack_tts_ms,4000,970.872,997.968,806.205,1107.501,1210.633,573.089,1399.704
response_act_only,heavy_context,capture_stress,chat_only,emotion_motion_payload_ms,4000,0.0,0.0,0.0,0.0,0.0,0.0,0.0
response_act_only,heavy_context,capture_stress,chat_only,fasttrack_analysis_ms,4000,10.13,9.783,8.044,12.517,16.601,6.161,16.601
response_act_only,heavy_context,capture_stress,chat_only,fasttrack_audio_lookup_ms,4000,2.3,2.158,2.08,2.41,3.461,1.592,3.461
response_act_only,heavy_context,capture_stress,chat_only,frontend_audio_overhead_ms,4000,169.644,165.883,138.606,198.532,242.061,80.724,279.162
response_act_only,heavy_context,capture_stress,chat_only,latency_cover_plan_ms,4000,0.0,0.0,0.0,0.0,0.0,0.0,0.0
response_act_only,heavy_context,capture_stress,chat_only,slowtrack_llm_ms,4000,3440.545,3445.773,3264.584,3618.226,3884.155,2518.988,4334.743
response_act_only,heavy_context,capture_stress,chat_only,slowtrack_tts_ms,4000,969.926,1000.549,806.221,1105.272,1213.418,594.175,1374.509
response_act_only,heavy_context,capture_stress,donation_mix,donation_emotion_motion_ms,1775,0.014,0.015,0.01,0.016,0.018,0.009,0.018
response_act_only,heavy_context,capture_stress,donation_mix,donation_readout_tts_ms,1775,479.354,460.559,449.173,469.94,604.099,402.936,604.099
response_act_only,heavy_context,capture_stress,donation_mix,emotion_motion_payload_ms,4000,0.0,0.0,0.0,0.0,0.0,0.0,0.0
response_act_only,heavy_context,capture_stress,donation_mix,fasttrack_analysis_ms,4000,10.079,9.783,7.289,12.517,16.601,6.161,16.601
response_act_only,heavy_context,capture_stress,donation_mix,fasttrack_audio_lookup_ms,4000,2.309,2.33,1.847,2.568,3.461,1.592,3.461
response_act_only,heavy_context,capture_stress,donation_mix,frontend_audio_overhead_ms,4000,169.807,165.915,137.908,199.573,245.392,80.926,277.11
response_act_only,heavy_context,capture_stress,donation_mix,latency_cover_plan_ms,4000,0.0,0.0,0.0,0.0,0.0,0.0,0.0
response_act_only,heavy_context,capture_stress,donation_mix,slowtrack_llm_ms,4000,3430.006,3436.479,3253.021,3613.544,3866.259,2471.381,4363.255
response_act_only,heavy_context,capture_stress,donation_mix,slowtrack_tts_ms,4000,969.696,1000.963,806.873,1106.571,1215.657,601.638,1367.133
response_act_only,heavy_context,local_browser,chat_only,emotion_motion_payload_ms,4000,0.0,0.0,0.0,0.0,0.0,0.0,0.0
response_act_only,heavy_context,local_browser,chat_only,fasttrack_analysis_ms,4000,10.07,9.783,7.289,12.517,16.601,6.161,16.601
response_act_only,heavy_context,local_browser,chat_only,fasttrack_audio_lookup_ms,4000,2.309,2.33,2.08,2.41,3.461,1.592,3.461
response_act_only,heavy_context,local_browser,chat_only,frontend_audio_overhead_ms,4000,52.126,50.528,41.032,62.724,78.071,20.4,89.169
response_act_only,heavy_context,local_browser,chat_only,latency_cover_plan_ms,4000,0.0,0.0,0.0,0.0,0.0,0.0,0.0
response_act_only,heavy_context,local_browser,chat_only,slowtrack_llm_ms,4000,3426.221,3427.489,3243.713,3600.349,3879.427,2561.623,4356.23
response_act_only,heavy_context,local_browser,chat_only,slowtrack_tts_ms,4000,973.162,1000.987,815.295,1107.075,1211.724,602.431,1390.608
response_act_only,heavy_context,local_browser,donation_mix,donation_emotion_motion_ms,1803,0.014,0.015,0.01,0.016,0.018,0.009,0.018
response_act_only,heavy_context,local_browser,donation_mix,donation_readout_tts_ms,1803,478.097,460.559,449.173,469.94,604.099,402.936,604.099
response_act_only,heavy_context,local_browser,donation_mix,emotion_motion_payload_ms,4000,0.0,0.0,0.0,0.0,0.0,0.0,0.0
response_act_only,heavy_context,local_browser,donation_mix,fasttrack_analysis_ms,4000,10.067,9.585,8.044,10.449,16.601,6.161,16.601
response_act_only,heavy_context,local_browser,donation_mix,fasttrack_audio_lookup_ms,4000,2.295,2.158,1.847,2.41,3.461,1.592,3.461
response_act_only,heavy_context,local_browser,donation_mix,frontend_audio_overhead_ms,4000,51.184,50.166,40.82,61.115,76.377,20.834,88.654
response_act_only,heavy_context,local_browser,donation_mix,latency_cover_plan_ms,4000,0.0,0.0,0.0,0.0,0.0,0.0,0.0
response_act_only,heavy_context,local_browser,donation_mix,slowtrack_llm_ms,4000,3429.912,3430.724,3253.907,3609.07,3863.691,2505.904,4406.573
response_act_only,heavy_context,local_browser,donation_mix,slowtrack_tts_ms,4000,969.034,991.898,813.989,1102.323,1209.456,610.838,1384.007
response_act_only,stress_context,backend_ready,chat_only,emotion_motion_payload_ms,4000,0.0,0.0,0.0,0.0,0.0,0.0,0.0
response_act_only,stress_context,backend_ready,chat_only,fasttrack_analysis_ms,4000,10.049,9.585,7.289,10.449,16.601,6.161,16.601
response_act_only,stress_context,backend_ready,chat_only,fasttrack_audio_lookup_ms,4000,2.295,2.158,1.847,2.41,3.461,1.592,3.461
response_act_only,stress_context,backend_ready,chat_only,frontend_audio_overhead_ms,4000,3.633,3.463,2.395,4.864,6.537,0.108,7.886
response_act_only,stress_context,backend_ready,chat_only,latency_cover_plan_ms,4000,0.0,0.0,0.0,0.0,0.0,0.0,0.0
response_act_only,stress_context,backend_ready,chat_only,slowtrack_llm_ms,4000,4861.85,4865.511,4604.755,5116.782,5504.518,3491.163,6480.878
response_act_only,stress_context,backend_ready,chat_only,slowtrack_tts_ms,4000,1085.226,1115.064,906.816,1237.854,1354.543,665.859,1497.717
response_act_only,stress_context,backend_ready,donation_mix,donation_emotion_motion_ms,1793,0.014,0.015,0.01,0.016,0.018,0.009,0.018
response_act_only,stress_context,backend_ready,donation_mix,donation_readout_tts_ms,1793,477.584,460.559,449.173,469.94,604.099,402.936,604.099
response_act_only,stress_context,backend_ready,donation_mix,emotion_motion_payload_ms,4000,0.0,0.0,0.0,0.0,0.0,0.0,0.0
response_act_only,stress_context,backend_ready,donation_mix,fasttrack_analysis_ms,4000,10.016,9.783,8.044,10.449,16.601,6.161,16.601
response_act_only,stress_context,backend_ready,donation_mix,fasttrack_audio_lookup_ms,4000,2.299,2.33,1.847,2.568,3.461,1.592,3.461
response_act_only,stress_context,backend_ready,donation_mix,frontend_audio_overhead_ms,4000,3.667,3.502,2.469,4.807,6.643,0.104,7.853
response_act_only,stress_context,backend_ready,donation_mix,latency_cover_plan_ms,4000,0.0,0.0,0.0,0.0,0.0,0.0,0.0
response_act_only,stress_context,backend_ready,donation_mix,slowtrack_llm_ms,4000,4848.176,4856.093,4599.078,5095.501,5493.064,3497.97,6286.411
response_act_only,stress_context,backend_ready,donation_mix,slowtrack_tts_ms,4000,1093.527,1123.004,916.654,1245.154,1357.377,661.851,1519.469
response_act_only,stress_context,capture_stress,chat_only,emotion_motion_payload_ms,4000,0.0,0.0,0.0,0.0,0.0,0.0,0.0
response_act_only,stress_context,capture_stress,chat_only,fasttrack_analysis_ms,4000,10.003,9.585,8.044,10.449,16.601,6.161,16.601
response_act_only,stress_context,capture_stress,chat_only,fasttrack_audio_lookup_ms,4000,2.315,2.33,2.08,2.568,3.461,1.592,3.461
response_act_only,stress_context,capture_stress,chat_only,frontend_audio_overhead_ms,4000,169.425,166.125,138.088,197.748,245.358,83.826,277.268
response_act_only,stress_context,capture_stress,chat_only,latency_cover_plan_ms,4000,0.0,0.0,0.0,0.0,0.0,0.0,0.0
response_act_only,stress_context,capture_stress,chat_only,slowtrack_llm_ms,4000,4859.882,4858.865,4606.711,5119.019,5504.246,3344.939,6660.49
response_act_only,stress_context,capture_stress,chat_only,slowtrack_tts_ms,4000,1081.41,1112.076,895.21,1236.405,1356.291,680.421,1510.781
response_act_only,stress_context,capture_stress,donation_mix,donation_emotion_motion_ms,1798,0.014,0.015,0.01,0.016,0.018,0.009,0.018
response_act_only,stress_context,capture_stress,donation_mix,donation_readout_tts_ms,1798,476.312,460.559,449.173,469.94,604.099,402.936,604.099
response_act_only,stress_context,capture_stress,donation_mix,emotion_motion_payload_ms,4000,0.0,0.0,0.0,0.0,0.0,0.0,0.0
response_act_only,stress_context,capture_stress,donation_mix,fasttrack_analysis_ms,4000,10.07,9.783,8.044,12.517,16.601,6.161,16.601
response_act_only,stress_context,capture_stress,donation_mix,fasttrack_audio_lookup_ms,4000,2.298,2.158,2.08,2.41,3.461,1.592,3.461
response_act_only,stress_context,capture_stress,donation_mix,frontend_audio_overhead_ms,4000,171.114,167.886,140.657,200.99,244.214,80.93,278.197
response_act_only,stress_context,capture_stress,donation_mix,latency_cover_plan_ms,4000,0.0,0.0,0.0,0.0,0.0,0.0,0.0
response_act_only,stress_context,capture_stress,donation_mix,slowtrack_llm_ms,4000,4853.552,4856.261,4596.428,5104.609,5476.839,3449.674,6213.395
response_act_only,stress_context,capture_stress,donation_mix,slowtrack_tts_ms,4000,1088.882,1121.072,912.167,1235.249,1359.08,671.522,1519.363
response_act_only,stress_context,local_browser,chat_only,emotion_motion_payload_ms,4000,0.0,0.0,0.0,0.0,0.0,0.0,0.0
response_act_only,stress_context,local_browser,chat_only,fasttrack_analysis_ms,4000,10.122,9.783,8.044,12.517,16.601,6.161,16.601
response_act_only,stress_context,local_browser,chat_only,fasttrack_audio_lookup_ms,4000,2.312,2.33,2.08,2.41,3.461,1.592,3.461
response_act_only,stress_context,local_browser,chat_only,frontend_audio_overhead_ms,4000,51.52,50.328,40.858,61.897,76.674,20.339,89.749
response_act_only,stress_context,local_browser,chat_only,latency_cover_plan_ms,4000,0.0,0.0,0.0,0.0,0.0,0.0,0.0
response_act_only,stress_context,local_browser,chat_only,slowtrack_llm_ms,4000,4865.711,4870.462,4610.327,5108.921,5501.03,3432.32,6560.618
response_act_only,stress_context,local_browser,chat_only,slowtrack_tts_ms,4000,1086.516,1119.515,901.244,1240.269,1359.637,685.639,1572.519
response_act_only,stress_context,local_browser,donation_mix,donation_emotion_motion_ms,1757,0.014,0.015,0.01,0.016,0.018,0.009,0.018
response_act_only,stress_context,local_browser,donation_mix,donation_readout_tts_ms,1757,476.491,460.559,449.173,469.94,604.099,402.936,604.099
response_act_only,stress_context,local_browser,donation_mix,emotion_motion_payload_ms,4000,0.0,0.0,0.0,0.0,0.0,0.0,0.0
response_act_only,stress_context,local_browser,donation_mix,fasttrack_analysis_ms,4000,10.062,9.783,7.855,12.517,16.601,6.161,16.601
response_act_only,stress_context,local_browser,donation_mix,fasttrack_audio_lookup_ms,4000,2.314,2.33,2.08,2.568,3.461,1.592,3.461
response_act_only,stress_context,local_browser,donation_mix,frontend_audio_overhead_ms,4000,51.599,50.27,41.081,62.008,77.249,20.177,88.549
response_act_only,stress_context,local_browser,donation_mix,latency_cover_plan_ms,4000,0.0,0.0,0.0,0.0,0.0,0.0,0.0
response_act_only,stress_context,local_browser,donation_mix,slowtrack_llm_ms,4000,4857.497,4860.408,4606.934,5110.564,5473.521,3654.502,6768.346
response_act_only,stress_context,local_browser,donation_mix,slowtrack_tts_ms,4000,1087.095,1117.573,908.591,1237.157,1359.737,672.817,1507.651
slowtrack_only,current_prompt,backend_ready,chat_only,frontend_audio_overhead_ms,4000,3.711,3.553,2.478,4.896,6.695,0.07,7.873
slowtrack_only,current_prompt,backend_ready,chat_only,slowtrack_llm_ms,4000,1480.927,1487.287,1407.0,1563.097,1672.671,1048.379,1928.04
slowtrack_only,current_prompt,backend_ready,chat_only,slowtrack_tts_ms,4000,786.983,813.873,750.514,865.099,935.996,451.168,1096.966
slowtrack_only,current_prompt,backend_ready,donation_mix,donation_emotion_motion_ms,1809,0.014,0.013,0.012,0.016,0.019,0.01,0.019
slowtrack_only,current_prompt,backend_ready,donation_mix,donation_readout_tts_ms,1809,464.766,468.172,432.66,484.856,520.281,427.36,520.281
slowtrack_only,current_prompt,backend_ready,donation_mix,frontend_audio_overhead_ms,4000,3.66,3.512,2.429,4.859,6.57,0.03,7.969
slowtrack_only,current_prompt,backend_ready,donation_mix,slowtrack_llm_ms,4000,1480.126,1480.237,1403.418,1559.843,1680.424,972.9,1893.141
slowtrack_only,current_prompt,backend_ready,donation_mix,slowtrack_tts_ms,4000,786.367,814.079,749.924,862.416,932.923,443.119,1063.574
slowtrack_only,current_prompt,capture_stress,chat_only,frontend_audio_overhead_ms,4000,170.099,166.674,139.374,198.241,244.259,81.971,277.51
slowtrack_only,current_prompt,capture_stress,chat_only,slowtrack_llm_ms,4000,1480.112,1483.899,1401.535,1564.626,1669.075,1025.344,1881.461
slowtrack_only,current_prompt,capture_stress,chat_only,slowtrack_tts_ms,4000,787.709,813.128,753.15,864.01,931.751,444.241,1074.309
slowtrack_only,current_prompt,capture_stress,donation_mix,donation_emotion_motion_ms,1789,0.014,0.013,0.012,0.016,0.019,0.01,0.019
slowtrack_only,current_prompt,capture_stress,donation_mix,donation_readout_tts_ms,1789,466.743,468.172,432.66,484.856,520.281,427.36,520.281
slowtrack_only,current_prompt,capture_stress,donation_mix,frontend_audio_overhead_ms,4000,170.406,165.776,139.983,199.764,245.538,80.899,279.615
slowtrack_only,current_prompt,capture_stress,donation_mix,slowtrack_llm_ms,4000,1480.778,1483.503,1408.076,1562.589,1674.44,1069.624,1894.783
slowtrack_only,current_prompt,capture_stress,donation_mix,slowtrack_tts_ms,4000,784.279,811.532,745.438,860.864,931.526,442.95,1064.016
slowtrack_only,current_prompt,local_browser,chat_only,frontend_audio_overhead_ms,4000,52.056,50.805,41.171,62.564,78.479,20.494,89.193
slowtrack_only,current_prompt,local_browser,chat_only,slowtrack_llm_ms,4000,1479.905,1485.595,1401.308,1558.774,1675.979,1088.136,1917.09
slowtrack_only,current_prompt,local_browser,chat_only,slowtrack_tts_ms,4000,783.111,811.513,747.007,860.69,929.199,455.933,1065.266
slowtrack_only,current_prompt,local_browser,donation_mix,donation_emotion_motion_ms,1800,0.014,0.013,0.012,0.016,0.019,0.01,0.019
slowtrack_only,current_prompt,local_browser,donation_mix,donation_readout_tts_ms,1800,465.083,468.172,432.66,484.856,520.281,427.36,520.281
slowtrack_only,current_prompt,local_browser,donation_mix,frontend_audio_overhead_ms,4000,51.693,50.344,41.082,62.057,77.786,20.554,89.058
slowtrack_only,current_prompt,local_browser,donation_mix,slowtrack_llm_ms,4000,1478.996,1482.421,1401.269,1561.933,1677.462,1046.691,1921.957
slowtrack_only,current_prompt,local_browser,donation_mix,slowtrack_tts_ms,4000,782.391,811.36,746.164,860.915,930.395,439.274,1057.021
slowtrack_only,expanded_memory,backend_ready,chat_only,frontend_audio_overhead_ms,4000,3.71,3.616,2.492,4.895,6.585,0.083,7.959
slowtrack_only,expanded_memory,backend_ready,chat_only,slowtrack_llm_ms,4000,2368.697,2372.073,2249.776,2491.739,2686.952,1670.952,3005.688
slowtrack_only,expanded_memory,backend_ready,chat_only,slowtrack_tts_ms,4000,862.077,893.933,824.448,946.543,1020.424,477.74,1177.183
slowtrack_only,expanded_memory,backend_ready,donation_mix,donation_emotion_motion_ms,1849,0.014,0.013,0.012,0.016,0.019,0.01,0.019
slowtrack_only,expanded_memory,backend_ready,donation_mix,donation_readout_tts_ms,1849,465.954,468.172,432.66,484.856,520.281,427.36,520.281
slowtrack_only,expanded_memory,backend_ready,donation_mix,frontend_audio_overhead_ms,4000,3.696,3.564,2.479,4.867,6.591,0.075,7.958
slowtrack_only,expanded_memory,backend_ready,donation_mix,slowtrack_llm_ms,4000,2374.937,2380.925,2250.314,2505.909,2694.359,1681.842,3006.539
slowtrack_only,expanded_memory,backend_ready,donation_mix,slowtrack_tts_ms,4000,861.64,894.376,823.723,948.184,1023.898,453.975,1175.524
slowtrack_only,expanded_memory,capture_stress,chat_only,frontend_audio_overhead_ms,4000,169.681,165.666,139.377,197.918,242.508,82.972,279.315
slowtrack_only,expanded_memory,capture_stress,chat_only,slowtrack_llm_ms,4000,2370.807,2371.926,2244.217,2503.723,2689.866,1722.123,2980.523
slowtrack_only,expanded_memory,capture_stress,chat_only,slowtrack_tts_ms,4000,864.331,894.868,824.975,948.091,1021.916,480.167,1191.487
slowtrack_only,expanded_memory,capture_stress,donation_mix,donation_emotion_motion_ms,1851,0.014,0.013,0.012,0.016,0.019,0.01,0.019
slowtrack_only,expanded_memory,capture_stress,donation_mix,donation_readout_tts_ms,1851,465.817,468.172,432.66,484.856,520.281,427.36,520.281
slowtrack_only,expanded_memory,capture_stress,donation_mix,frontend_audio_overhead_ms,4000,170.379,166.075,139.801,199.168,244.827,81.09,279.024
slowtrack_only,expanded_memory,capture_stress,donation_mix,slowtrack_llm_ms,4000,2364.6,2367.418,2236.333,2497.537,2680.288,1625.285,2950.896
slowtrack_only,expanded_memory,capture_stress,donation_mix,slowtrack_tts_ms,4000,863.866,895.007,823.683,945.867,1025.814,486.899,1150.834
slowtrack_only,expanded_memory,local_browser,chat_only,frontend_audio_overhead_ms,4000,51.751,50.787,41.147,61.987,76.595,20.29,89.411
slowtrack_only,expanded_memory,local_browser,chat_only,slowtrack_llm_ms,4000,2371.829,2380.948,2248.835,2503.117,2679.065,1706.246,2995.369
slowtrack_only,expanded_memory,local_browser,chat_only,slowtrack_tts_ms,4000,865.618,894.83,826.42,949.463,1023.448,469.916,1176.526
slowtrack_only,expanded_memory,local_browser,donation_mix,donation_emotion_motion_ms,1763,0.014,0.013,0.012,0.016,0.019,0.01,0.019
slowtrack_only,expanded_memory,local_browser,donation_mix,donation_readout_tts_ms,1763,465.649,468.172,432.66,484.856,520.281,427.36,520.281
slowtrack_only,expanded_memory,local_browser,donation_mix,frontend_audio_overhead_ms,4000,51.54,49.804,40.748,61.871,77.574,20.515,89.351
slowtrack_only,expanded_memory,local_browser,donation_mix,slowtrack_llm_ms,4000,2362.66,2370.079,2240.664,2493.133,2672.332,1749.513,3037.066
slowtrack_only,expanded_memory,local_browser,donation_mix,slowtrack_tts_ms,4000,864.497,895.223,823.287,947.016,1025.862,495.674,1207.602
slowtrack_only,heavy_context,backend_ready,chat_only,frontend_audio_overhead_ms,4000,3.647,3.479,2.465,4.812,6.516,0.055,7.865
slowtrack_only,heavy_context,backend_ready,chat_only,slowtrack_llm_ms,4000,3553.345,3559.62,3361.703,3749.168,4012.199,2633.125,4575.569
slowtrack_only,heavy_context,backend_ready,chat_only,slowtrack_tts_ms,4000,980.437,1014.845,933.411,1077.94,1169.53,566.199,1323.512
slowtrack_only,heavy_context,backend_ready,donation_mix,donation_emotion_motion_ms,1799,0.013,0.013,0.012,0.016,0.019,0.01,0.019
slowtrack_only,heavy_context,backend_ready,donation_mix,donation_readout_tts_ms,1799,466.748,468.172,432.66,484.856,520.281,427.36,520.281
slowtrack_only,heavy_context,backend_ready,donation_mix,frontend_audio_overhead_ms,4000,3.666,3.51,2.438,4.852,6.602,0.081,7.941
slowtrack_only,heavy_context,backend_ready,donation_mix,slowtrack_llm_ms,4000,3545.084,3560.374,3356.677,3745.447,4017.523,2536.532,4493.913
slowtrack_only,heavy_context,backend_ready,donation_mix,slowtrack_tts_ms,4000,982.665,1017.62,937.473,1080.272,1165.01,530.229,1306.44
slowtrack_only,heavy_context,capture_stress,chat_only,frontend_audio_overhead_ms,4000,170.635,165.877,139.673,200.968,244.056,82.32,278.086
slowtrack_only,heavy_context,capture_stress,chat_only,slowtrack_llm_ms,4000,3552.984,3561.153,3364.932,3749.532,4016.333,2400.834,4746.437
slowtrack_only,heavy_context,capture_stress,chat_only,slowtrack_tts_ms,4000,980.853,1017.052,938.237,1078.807,1160.904,556.489,1325.203
slowtrack_only,heavy_context,capture_stress,donation_mix,donation_emotion_motion_ms,1762,0.014,0.013,0.012,0.016,0.019,0.01,0.019
slowtrack_only,heavy_context,capture_stress,donation_mix,donation_readout_tts_ms,1762,466.02,468.172,432.66,484.856,520.281,427.36,520.281
slowtrack_only,heavy_context,capture_stress,donation_mix,frontend_audio_overhead_ms,4000,170.646,166.119,141.3,199.377,243.004,80.575,278.49
slowtrack_only,heavy_context,capture_stress,donation_mix,slowtrack_llm_ms,4000,3553.114,3563.045,3366.404,3752.658,4015.757,2634.661,4660.587
slowtrack_only,heavy_context,capture_stress,donation_mix,slowtrack_tts_ms,4000,985.058,1019.368,939.842,1078.141,1164.225,544.428,1314.369
slowtrack_only,heavy_context,local_browser,chat_only,frontend_audio_overhead_ms,4000,51.611,50.533,40.946,61.674,77.125,20.675,89.103
slowtrack_only,heavy_context,local_browser,chat_only,slowtrack_llm_ms,4000,3553.657,3559.607,3360.926,3753.658,4020.467,2522.215,4510.852
slowtrack_only,heavy_context,local_browser,chat_only,slowtrack_tts_ms,4000,980.77,1016.315,936.898,1078.525,1167.244,567.339,1322.55
slowtrack_only,heavy_context,local_browser,donation_mix,donation_emotion_motion_ms,1820,0.013,0.013,0.012,0.016,0.019,0.01,0.019
slowtrack_only,heavy_context,local_browser,donation_mix,donation_readout_tts_ms,1820,465.993,468.172,432.66,484.856,520.281,427.36,520.281
slowtrack_only,heavy_context,local_browser,donation_mix,frontend_audio_overhead_ms,4000,51.494,50.228,40.809,61.671,76.861,20.489,89.61
slowtrack_only,heavy_context,local_browser,donation_mix,slowtrack_llm_ms,4000,3544.974,3553.489,3358.559,3743.536,4007.456,2416.131,4490.361
slowtrack_only,heavy_context,local_browser,donation_mix,slowtrack_tts_ms,4000,982.794,1017.119,937.399,1079.819,1168.214,555.483,1372.505
slowtrack_only,stress_context,backend_ready,chat_only,frontend_audio_overhead_ms,4000,3.696,3.514,2.481,4.909,6.639,0.075,7.928
slowtrack_only,stress_context,backend_ready,chat_only,slowtrack_llm_ms,4000,5034.393,5047.318,4754.491,5330.042,5707.066,3563.266,6521.3
slowtrack_only,stress_context,backend_ready,chat_only,slowtrack_tts_ms,4000,1101.026,1140.999,1053.107,1206.827,1299.451,644.701,1513.876
slowtrack_only,stress_context,backend_ready,donation_mix,donation_emotion_motion_ms,1814,0.014,0.013,0.012,0.016,0.019,0.01,0.019
slowtrack_only,stress_context,backend_ready,donation_mix,donation_readout_tts_ms,1814,466.759,468.172,432.66,484.856,520.281,427.36,520.281
slowtrack_only,stress_context,backend_ready,donation_mix,frontend_audio_overhead_ms,4000,3.668,3.532,2.438,4.848,6.65,0.065,7.922
slowtrack_only,stress_context,backend_ready,donation_mix,slowtrack_llm_ms,4000,5044.283,5049.983,4778.386,5329.506,5708.145,3617.497,6255.319
slowtrack_only,stress_context,backend_ready,donation_mix,slowtrack_tts_ms,4000,1096.526,1133.953,1043.928,1207.182,1300.942,580.27,1506.945
slowtrack_only,stress_context,capture_stress,chat_only,frontend_audio_overhead_ms,4000,170.102,166.387,139.621,198.57,244.687,80.719,278.167
slowtrack_only,stress_context,capture_stress,chat_only,slowtrack_llm_ms,4000,5027.477,5037.591,4761.899,5305.619,5694.767,3620.47,6470.472
slowtrack_only,stress_context,capture_stress,chat_only,slowtrack_tts_ms,4000,1097.854,1139.747,1042.069,1209.101,1302.442,596.91,1496.307
slowtrack_only,stress_context,capture_stress,donation_mix,donation_emotion_motion_ms,1768,0.014,0.013,0.012,0.016,0.019,0.01,0.019
slowtrack_only,stress_context,capture_stress,donation_mix,donation_readout_tts_ms,1768,467.173,468.172,432.66,484.856,520.281,427.36,520.281
slowtrack_only,stress_context,capture_stress,donation_mix,frontend_audio_overhead_ms,4000,169.551,165.118,138.459,199.143,245.212,81.297,277.867
slowtrack_only,stress_context,capture_stress,donation_mix,slowtrack_llm_ms,4000,5044.477,5051.041,4774.228,5324.066,5703.194,3683.262,6282.419
slowtrack_only,stress_context,capture_stress,donation_mix,slowtrack_tts_ms,4000,1096.099,1136.292,1046.295,1203.243,1296.226,626.446,1505.885
slowtrack_only,stress_context,local_browser,chat_only,frontend_audio_overhead_ms,4000,51.698,50.156,40.97,62.323,77.247,20.225,88.709
slowtrack_only,stress_context,local_browser,chat_only,slowtrack_llm_ms,4000,5043.981,5058.637,4765.937,5318.827,5726.642,3534.59,6453.79
slowtrack_only,stress_context,local_browser,chat_only,slowtrack_tts_ms,4000,1102.291,1140.604,1056.445,1205.899,1304.17,598.593,1502.631
slowtrack_only,stress_context,local_browser,donation_mix,donation_emotion_motion_ms,1752,0.014,0.013,0.012,0.016,0.019,0.01,0.019
slowtrack_only,stress_context,local_browser,donation_mix,donation_readout_tts_ms,1752,465.401,468.172,432.66,484.856,520.281,427.36,520.281
slowtrack_only,stress_context,local_browser,donation_mix,frontend_audio_overhead_ms,4000,51.431,50.293,40.91,61.669,77.198,21.03,88.379
slowtrack_only,stress_context,local_browser,donation_mix,slowtrack_llm_ms,4000,5031.762,5046.869,4761.251,5315.676,5691.943,3275.337,6339.316
slowtrack_only,stress_context,local_browser,donation_mix,slowtrack_tts_ms,4000,1098.644,1137.332,1045.026,1210.712,1309.37,616.503,1477.482
